Simulation,Time,Minutes,xpos,ypos,FemtoCell
10,8:20,500,15,18,0
10,8:25,505,13,19,0
10,8:30,510,12,19,0
10,8:35,515,11,18,3
10,8:40,520,11,17,0
10,8:45,525,11,16,0
10,8:50,530,11,15,0
10,8:55,535,11,14,0
10,9:0,540,11,13,0
10,9:5,545,11,12,0
10,9:10,550,11,11,0
10,9:15,555,11,10,2
10,9:20,560,11,9,2
10,9:25,565,11,8,2
10,9:30,570,11,7,0
10,9:35,575,12,6,0
10,9:35,575,12,6,0
10,1:15,75,15,18,0
10,1:20,80,13,19,0
10,1:25,85,12,19,0
10,1:30,90,11,18,3
10,1:35,95,11,17,0
10,1:40,100,11,16,0
10,1:45,105,11,15,0
10,1:50,110,11,14,0
10,1:55,115,11,13,0
10,2:0,120,11,12,0
10,2:5,125,11,11,0
10,2:10,130,12,10,0
10,2:15,135,13,10,0
10,2:20,140,14,10,0
10,2:25,145,15,11,0
10,2:30,150,15,12,0
10,2:30,150,15,12,0
10,2:30,150,5,6,0
10,2:35,155,3,6,0
10,2:40,160,2,6,0
10,2:45,165,1,6,0
10,2:50,170,0,6,0
10,2:50,170,0,6,0
10,6:40,400,5,14,0
10,6:45,405,7,14,0
10,6:50,410,8,14,0
10,6:55,415,9,15,0
10,7:0,420,9,16,0
10,7:5,425,10,17,0
10,7:10,430,11,18,3
10,7:15,435,12,19,0
10,7:20,440,13,19,0
10,7:25,445,14,19,0
10,7:30,450,15,19,0
10,7:35,455,16,20,0
10,7:35,455,16,20,0
10,7:35,455,15,12,0
10,7:40,460,16,10,0
10,7:45,465,17,9,0
10,7:50,470,18,8,0
10,7:55,475,18,7,0
10,8:0,480,18,6,0
10,8:5,485,18,5,0
10,8:10,490,19,4,0
10,8:15,495,20,4,0
10,8:20,500,21,4,0
10,8:20,500,21,4,0
10,20:30,1230,23,20,0
10,20:35,1235,21,18,4
10,20:40,1240,21,17,0
10,20:45,1245,21,16,0
10,20:50,1250,21,15,0
10,20:55,1255,21,14,0
10,21:0,1260,21,13,0
10,21:5,1265,21,12,0
10,21:10,1270,21,11,0
10,21:15,1275,22,10,7
10,21:20,1280,23,10,0
10,21:25,1285,24,9,0
10,21:30,1290,25,8,0
10,21:35,1295,25,7,0
10,21:40,1300,25,6,0
10,21:45,1305,25,5,0
10,21:45,1305,25,5,0
10,21:45,1305,5,0,0
10,21:50,1310,7,0,0
10,21:55,1315,8,0,0
10,22:0,1320,9,1,0
10,22:5,1325,9,2,0
10,22:10,1330,9,3,0
10,22:15,1335,9,4,0
10,22:20,1340,9,5,0
10,22:25,1345,9,6,0
10,22:30,1350,9,7,0
10,22:35,1355,9,8,2
10,22:40,1360,9,9,2
10,22:45,1365,10,10,2
10,22:50,1370,10,11,0
10,22:55,1375,10,12,0
10,23:0,1380,10,13,0
10,23:5,1385,10,14,0
10,23:10,1390,10,15,0
10,23:15,1395,10,16,0
10,23:20,1400,10,17,0
10,23:25,1405,11,18,3
10,23:30,1410,12,19,0
10,23:35,1415,13,19,0
10,23:40,1420,14,19,0
10,23:45,1425,15,19,0
10,23:50,1430,16,20,0
10,23:50,1430,16,20,0
10,19:40,1180,5,14,0
10,19:45,1185,4,12,0
10,19:50,1190,4,11,0
10,19:55,1195,4,10,0
10,20:0,1200,4,9,0
10,20:5,1205,4,8,0
10,20:10,1210,4,7,0
10,20:15,1215,4,6,0
10,20:20,1220,4,5,0
10,20:25,1225,4,4,0
10,20:30,1230,5,3,0
10,20:30,1230,5,3,0
10,13:45,825,35,6,0
10,13:50,830,33,4,0
10,13:55,835,32,3,0
10,14:0,840,31,2,0
10,14:5,845,30,1,0
10,14:10,850,29,1,0
10,14:15,855,28,1,0
10,14:20,860,27,1,8
10,14:25,865,26,1,8
10,14:30,870,25,1,8
10,14:35,875,24,0,0
10,14:40,880,23,1,0
10,14:45,885,23,2,0
10,14:50,890,23,3,0
10,14:55,895,22,4,0
10,15:0,900,21,4,0
10,15:5,905,20,4,0
10,15:10,910,19,4,0
10,15:15,915,18,3,0
10,15:20,920,17,2,0
10,15:25,925,16,2,0
10,15:30,930,15,2,1
10,15:35,935,14,2,1
10,15:40,940,13,2,1
10,15:45,945,12,2,0
10,15:50,950,11,3,0
10,15:55,955,10,3,0
10,16:0,960,9,3,0
10,16:5,965,8,3,0
10,16:10,970,7,3,0
10,16:15,975,6,3,0
10,16:20,980,5,3,0
10,16:20,980,5,3,0
10,2:50,170,1,23,0
10,2:55,175,2,21,0
10,3:0,180,2,20,0
10,3:5,185,3,19,0
10,3:10,190,4,18,0
10,3:15,195,4,17,0
10,3:20,200,4,16,0
10,3:25,205,4,15,0
10,3:30,210,5,14,0
10,3:35,215,6,14,0
10,3:40,220,7,14,0
10,3:45,225,8,14,0
10,3:50,230,9,13,0
10,3:55,235,10,12,0
10,4:0,240,11,11,0
10,4:5,245,12,10,0
10,4:10,250,13,10,0
10,4:15,255,14,10,0
10,4:20,260,15,10,0
10,4:25,265,16,10,0
10,4:30,270,17,9,0
10,4:35,275,18,8,0
10,4:40,280,18,7,0
10,4:45,285,18,6,0
10,4:50,290,18,5,0
10,4:55,295,19,4,0
10,5:0,300,20,4,0
10,5:5,305,21,4,0
10,5:5,305,21,4,0
10,9:35,575,0,3,0
10,9:40,580,2,3,0
10,9:45,585,3,3,0
10,9:50,590,4,4,0
10,9:55,595,4,5,0
10,10:0,600,3,6,0
10,10:5,605,2,6,0
10,10:10,610,1,6,0
10,10:15,615,0,6,0
10,10:15,615,0,6,0
10,10:15,615,5,6,0
10,10:20,620,7,6,0
10,10:25,625,8,6,0
10,10:30,630,9,5,0
10,10:35,635,10,4,0
10,10:40,640,11,3,0
10,10:45,645,12,2,0
10,10:50,650,13,2,1
10,10:55,655,14,2,1
10,11:0,660,15,1,1
10,11:5,665,16,1,0
10,11:10,670,17,1,0
10,11:15,675,18,0,0
10,11:15,675,18,0,0
10,11:15,675,25,5,0
10,11:20,680,25,7,0
10,11:25,685,25,8,0
10,11:30,690,24,9,0
10,11:35,695,23,9,0
10,11:40,700,22,9,7
10,11:45,705,21,9,7
10,11:50,710,20,9,7
10,11:55,715,19,9,0
10,12:0,720,18,9,0
10,12:5,725,17,9,0
10,12:10,730,16,9,0
10,12:15,735,15,9,0
10,12:20,740,14,9,0
10,12:25,745,13,9,0
10,12:30,750,12,9,0
10,12:35,755,11,8,2
10,12:40,760,11,7,0
10,12:45,765,11,6,0
10,12:50,770,10,5,0
10,12:55,775,9,4,0
10,13:0,780,8,3,0
10,13:5,785,7,3,0
10,13:10,790,6,3,0
10,13:15,795,5,3,0
10,13:20,800,4,2,0
10,13:25,805,4,1,0
10,13:30,810,3,0,0
10,13:35,815,2,0,0
10,13:40,820,1,0,0
10,13:45,825,0,0,0
10,13:45,825,0,0,0
10,5:5,305,0,6,0
10,5:10,310,2,6,0
10,5:15,315,3,6,0
10,5:20,320,4,7,0
10,5:25,325,4,8,0
10,5:30,330,4,9,0
10,5:35,335,4,10,0
10,5:40,340,4,11,0
10,5:45,345,4,12,0
10,5:50,350,4,13,0
10,5:55,355,4,14,0
10,6:0,360,4,15,0
10,6:5,365,4,16,0
10,6:10,370,4,17,0
10,6:15,375,4,18,0
10,6:20,380,3,19,0
10,6:25,385,2,20,0
10,6:30,390,2,21,0
10,6:35,395,2,22,0
10,6:40,400,1,23,0
10,6:40,400,1,23,0
10,0:0,0,5,3,0
10,0:5,5,7,3,0
10,0:10,10,8,3,0
10,0:15,15,9,2,0
10,0:20,20,10,2,0
10,0:25,25,11,2,0
10,0:30,30,12,2,0
10,0:35,35,13,2,1
10,0:40,40,14,2,1
10,0:45,45,15,2,1
10,0:50,50,16,2,0
10,0:55,55,17,2,0
10,1:0,60,18,3,0
10,1:5,65,19,4,0
10,1:10,70,20,4,0
10,1:15,75,21,4,0
10,1:15,75,21,4,0
10,18:5,1085,35,6,0
10,18:10,1090,36,8,9
10,18:15,1095,36,9,9
10,18:20,1100,37,10,0
10,18:25,1105,37,11,0
10,18:30,1110,37,12,0
10,18:35,1115,37,13,0
10,18:40,1120,38,14,0
10,18:45,1125,38,15,0
10,18:50,1130,38,16,0
10,18:55,1135,38,17,0
10,19:0,1140,38,18,0
10,19:5,1145,37,19,0
10,19:10,1150,36,19,0
10,19:15,1155,35,19,0
10,19:20,1160,34,19,0
10,19:25,1165,33,19,5
10,19:30,1170,32,19,5
10,19:35,1175,31,19,5
10,19:40,1180,30,19,0
10,19:40,1180,30,19,0
10,16:20,980,22,7,0
10,16:25,985,23,5,0
10,16:30,990,23,4,0
10,16:35,995,23,3,0
10,16:40,1000,23,2,0
10,16:45,1005,23,1,0
10,16:50,1010,24,0,0
10,16:55,1015,25,1,8
10,17:0,1020,26,1,8
10,17:5,1025,27,1,8
10,17:10,1030,28,1,0
10,17:15,1035,29,1,0
10,17:20,1040,30,1,0
10,17:25,1045,31,2,0
10,17:30,1050,32,3,0
10,17:35,1055,32,4,0
10,17:40,1060,32,5,0
10,17:45,1065,33,6,0
10,17:50,1070,34,7,0
10,17:55,1075,35,8,9
10,18:0,1080,36,9,9
10,18:5,1085,37,10,0
10,18:5,1085,37,10,0
10,23:50,1430,0,10,0
10,23:55,1435,2,9,0
9,9:35,575,25,5,0
9,9:40,580,26,7,0
9,9:45,585,26,8,0
9,9:50,590,27,9,6
9,9:55,595,27,10,0
9,10:0,600,27,11,0
9,10:5,605,27,12,0
9,10:10,610,27,13,0
9,10:15,615,28,14,0
9,10:20,620,29,15,0
9,10:25,625,30,16,0
9,10:30,630,30,17,0
9,10:35,635,30,18,0
9,10:40,640,30,19,0
9,10:40,640,30,19,0
9,15:0,900,16,20,0
9,15:5,905,18,19,0
9,15:10,910,19,19,0
9,15:15,915,20,18,4
9,15:20,920,20,17,0
9,15:25,925,20,16,0
9,15:30,930,20,15,0
9,15:35,935,20,14,0
9,15:40,940,20,13,0
9,15:45,945,20,12,0
9,15:50,950,20,11,0
9,15:55,955,21,10,7
9,16:0,960,21,9,7
9,16:5,965,21,8,7
9,16:10,970,22,7,0
9,16:15,975,23,6,0
9,16:20,980,23,5,0
9,16:25,985,22,4,0
9,16:30,990,21,4,0
9,16:30,990,21,4,0
9,11:35,695,15,18,0
9,11:40,700,17,19,0
9,11:45,705,18,19,0
9,11:50,710,19,19,0
9,11:55,715,20,18,4
9,12:0,720,20,17,0
9,12:5,725,20,16,0
9,12:10,730,20,15,0
9,12:15,735,20,14,0
9,12:20,740,20,13,0
9,12:25,745,20,12,0
9,12:30,750,20,11,0
9,12:35,755,20,10,7
9,12:40,760,20,9,7
9,12:45,765,20,8,7
9,12:50,770,19,7,0
9,12:55,775,18,6,0
9,13:0,780,18,5,0
9,13:5,785,18,4,0
9,13:10,790,18,3,0
9,13:15,795,18,2,0
9,13:20,800,18,1,0
9,13:25,805,18,0,0
9,13:25,805,18,0,0
9,2:15,135,1,23,0
9,2:20,140,2,21,0
9,2:25,145,2,20,0
9,2:30,150,3,19,0
9,2:35,155,4,18,0
9,2:40,160,4,17,0
9,2:45,165,4,16,0
9,2:50,170,4,15,0
9,2:55,175,5,14,0
9,3:0,180,6,14,0
9,3:5,185,7,14,0
9,3:10,190,8,14,0
9,3:15,195,9,13,0
9,3:20,200,10,12,0
9,3:25,205,11,11,0
9,3:30,210,12,10,0
9,3:35,215,13,10,0
9,3:40,220,14,10,0
9,3:45,225,15,10,0
9,3:50,230,16,10,0
9,3:55,235,17,10,0
9,4:0,240,18,10,0
9,4:5,245,19,10,0
9,4:10,250,20,10,7
9,4:15,255,21,10,7
9,4:20,260,22,10,7
9,4:25,265,23,10,0
9,4:30,270,24,10,0
9,4:35,275,25,10,0
9,4:40,280,26,11,0
9,4:45,285,26,12,0
9,4:50,290,26,13,0
9,4:55,295,26,14,0
9,5:0,300,26,15,0
9,5:5,305,26,16,0
9,5:10,310,26,17,0
9,5:15,315,26,18,0
9,5:15,315,26,18,0
9,19:30,1170,7,23,0
9,19:35,1175,9,22,0
9,19:40,1180,10,21,0
9,19:45,1185,11,20,3
9,19:50,1190,12,19,0
9,19:55,1195,13,19,0
9,20:0,1200,14,19,0
9,20:5,1205,15,19,0
9,20:10,1210,16,20,0
9,20:15,1215,16,21,0
9,20:20,1220,16,22,0
9,20:20,1220,16,22,0
9,7:30,450,5,14,0
9,7:35,455,7,14,0
9,7:40,460,8,14,0
9,7:45,465,9,13,0
9,7:50,470,9,12,0
9,7:55,475,9,11,0
9,8:0,480,9,10,2
9,8:5,485,9,9,2
9,8:10,490,9,8,2
9,8:15,495,9,7,0
9,8:20,500,9,6,0
9,8:25,505,9,5,0
9,8:30,510,10,4,0
9,8:35,515,11,3,0
9,8:40,520,12,2,0
9,8:45,525,13,2,1
9,8:50,530,14,2,1
9,8:55,535,15,2,1
9,9:0,540,16,1,0
9,9:5,545,17,1,0
9,9:10,550,18,0,0
9,9:10,550,18,0,0
9,13:25,805,37,10,0
9,13:30,810,36,8,9
9,13:35,815,36,7,0
9,13:40,820,35,6,0
9,13:45,825,34,5,0
9,13:50,830,33,4,0
9,13:55,835,32,3,0
9,14:0,840,31,2,0
9,14:5,845,30,1,0
9,14:10,850,29,1,0
9,14:15,855,28,1,0
9,14:20,860,27,1,8
9,14:25,865,26,1,8
9,14:30,870,25,1,8
9,14:35,875,24,0,0
9,14:40,880,23,1,0
9,14:45,885,23,2,0
9,14:50,890,23,3,0
9,14:55,895,22,4,0
9,15:0,900,21,4,0
9,15:0,900,21,4,0
9,1:55,115,5,14,0
9,2:0,120,4,12,0
9,2:5,125,4,11,0
9,2:10,130,5,10,0
9,2:10,130,5,10,0
9,5:15,315,1,23,0
9,5:20,320,2,21,0
9,5:25,325,2,20,0
9,5:30,330,3,19,0
9,5:35,335,4,18,0
9,5:40,340,4,17,0
9,5:45,345,4,16,0
9,5:50,350,4,15,0
9,5:55,355,5,14,0
9,6:0,360,6,14,0
9,6:5,365,7,14,0
9,6:10,370,8,14,0
9,6:15,375,9,13,0
9,6:20,380,10,12,0
9,6:25,385,11,11,0
9,6:30,390,12,10,0
9,6:35,395,13,10,0
9,6:40,400,14,10,0
9,6:45,405,15,10,0
9,6:50,410,16,10,0
9,6:55,415,17,9,0
9,7:0,420,18,8,0
9,7:5,425,18,7,0
9,7:10,430,18,6,0
9,7:15,435,18,5,0
9,7:20,440,19,4,0
9,7:25,445,20,4,0
9,7:30,450,21,4,0
9,7:30,450,21,4,0
9,2:10,130,35,6,0
9,2:15,135,37,5,0
9,2:15,135,37,5,0
9,9:10,550,25,5,0
9,9:15,555,25,7,0
9,9:20,560,25,8,0
9,9:25,565,24,9,0
9,9:30,570,23,8,0
9,9:35,575,22,7,0
9,9:35,575,22,7,0
9,0:0,0,25,5,0
9,0:5,5,25,7,0
9,0:10,10,25,8,0
9,0:15,15,24,9,0
9,0:20,20,23,8,0
9,0:25,25,23,7,0
9,0:30,30,23,6,0
9,0:35,35,23,5,0
9,0:40,40,22,4,0
9,0:45,45,21,4,0
9,0:50,50,20,4,0
9,0:55,55,19,4,0
9,1:0,60,18,3,0
9,1:5,65,18,2,0
9,1:10,70,18,1,0
9,1:15,75,18,0,0
9,1:15,75,18,0,0
9,16:30,990,3,20,0
9,16:35,995,5,20,0
9,16:40,1000,6,20,0
9,16:45,1005,7,20,0
9,16:50,1010,8,20,0
9,16:55,1015,9,20,3
9,17:0,1020,10,20,3
9,17:5,1025,11,19,3
9,17:10,1030,12,19,0
9,17:15,1035,13,19,0
9,17:20,1040,14,19,0
9,17:25,1045,15,19,0
9,17:30,1050,16,20,0
9,17:35,1055,16,21,0
9,17:40,1060,16,22,0
9,17:40,1060,16,22,0
9,1:15,75,0,3,0
9,1:20,80,2,3,0
9,1:25,85,3,3,0
9,1:30,90,4,4,0
9,1:35,95,4,5,0
9,1:40,100,3,6,0
9,1:45,105,2,6,0
9,1:50,110,1,6,0
9,1:55,115,0,6,0
9,1:55,115,0,6,0
9,10:40,640,15,12,0
9,10:45,645,16,10,0
9,10:50,650,17,9,0
9,10:55,655,18,8,0
9,11:0,660,18,7,0
9,11:5,665,18,6,0
9,11:10,670,18,5,0
9,11:15,675,18,4,0
9,11:20,680,18,3,0
9,11:25,685,18,2,0
9,11:30,690,18,1,0
9,11:35,695,18,0,0
9,11:35,695,18,0,0
9,22:55,1375,5,10,0
9,23:0,1380,7,10,0
9,23:5,1385,8,10,0
9,23:10,1390,9,10,2
9,23:15,1395,10,10,2
9,23:20,1400,11,10,2
9,23:25,1405,12,10,0
9,23:30,1410,13,10,0
9,23:35,1415,14,10,0
9,23:40,1420,15,10,0
9,23:45,1425,16,10,0
9,23:50,1430,17,10,0
9,23:55,1435,18,10,0
9,17:40,1060,18,0,0
9,17:45,1065,18,2,0
9,17:50,1070,18,3,0
9,17:55,1075,18,4,0
9,18:0,1080,18,5,0
9,18:5,1085,18,6,0
9,18:10,1090,19,7,0
9,18:15,1095,20,8,7
9,18:20,1100,20,9,7
9,18:25,1105,20,10,7
9,18:30,1110,20,11,0
9,18:35,1115,20,12,0
9,18:40,1120,20,13,0
9,18:45,1125,20,14,0
9,18:50,1130,20,15,0
9,18:55,1135,20,16,0
9,19:0,1140,20,17,0
9,19:5,1145,20,18,4
9,19:10,1150,19,19,0
9,19:15,1155,18,19,0
9,19:20,1160,17,19,0
9,19:25,1165,16,19,0
9,19:30,1170,15,18,0
9,19:30,1170,15,18,0
9,20:20,1220,25,5,0
9,20:25,1225,25,7,0
9,20:30,1230,25,8,0
9,20:35,1235,24,9,0
9,20:40,1240,23,9,0
9,20:45,1245,22,9,7
9,20:50,1250,21,9,7
9,20:55,1255,20,9,7
9,21:0,1260,19,9,0
9,21:5,1265,18,9,0
9,21:10,1270,17,9,0
9,21:15,1275,16,9,0
9,21:20,1280,15,10,0
9,21:25,1285,14,10,0
9,21:30,1290,13,10,0
9,21:35,1295,12,10,0
9,21:40,1300,11,11,0
9,21:45,1305,10,12,0
9,21:50,1310,9,13,0
9,21:55,1315,8,14,0
9,22:0,1320,7,14,0
9,22:5,1325,6,14,0
9,22:10,1330,5,14,0
9,22:15,1335,4,15,0
9,22:20,1340,4,16,0
9,22:25,1345,4,17,0
9,22:30,1350,4,18,0
9,22:35,1355,4,19,0
9,22:40,1360,3,20,0
9,22:45,1365,2,21,0
9,22:50,1370,2,22,0
9,22:55,1375,1,23,0
9,22:55,1375,1,23,0
8,8:50,530,37,0,0
8,8:55,535,35,0,0
8,9:0,540,34,0,0
8,9:5,545,33,0,0
8,9:10,550,32,0,0
8,9:15,555,31,0,0
8,9:20,560,30,0,0
8,9:25,565,29,0,0
8,9:30,570,28,0,0
8,9:35,575,27,0,8
8,9:40,580,26,0,8
8,9:45,585,25,0,8
8,9:50,590,24,0,0
8,9:55,595,23,1,0
8,10:0,600,23,2,0
8,10:5,605,23,3,0
8,10:10,610,22,4,0
8,10:15,615,21,4,0
8,10:20,620,20,4,0
8,10:25,625,19,4,0
8,10:30,630,18,3,0
8,10:35,635,17,2,0
8,10:40,640,16,2,0
8,10:45,645,15,2,1
8,10:50,650,14,2,1
8,10:55,655,13,2,1
8,11:0,660,12,2,0
8,11:5,665,11,3,0
8,11:10,670,11,4,0
8,11:15,675,11,5,0
8,11:20,680,12,6,0
8,11:20,680,12,6,0
8,17:15,1035,14,3,0
8,17:20,1040,12,2,0
8,17:25,1045,11,2,0
8,17:30,1050,10,1,0
8,17:35,1055,9,1,0
8,17:40,1060,8,0,0
8,17:45,1065,7,0,0
8,17:50,1070,6,0,0
8,17:55,1075,5,0,0
8,18:0,1080,4,0,0
8,18:5,1085,3,0,0
8,18:10,1090,2,0,0
8,18:15,1095,1,0,0
8,18:20,1100,0,0,0
8,18:20,1100,0,0,0
8,20:0,1200,0,10,0
8,20:5,1205,2,10,0
8,20:10,1210,3,10,0
8,20:15,1215,4,10,0
8,20:20,1220,5,10,0
8,20:25,1225,6,10,0
8,20:30,1230,7,10,0
8,20:35,1235,8,10,0
8,20:40,1240,9,10,2
8,20:45,1245,10,10,2
8,20:50,1250,11,10,2
8,20:55,1255,12,10,0
8,21:0,1260,13,10,0
8,21:5,1265,14,10,0
8,21:10,1270,15,11,0
8,21:15,1275,15,12,0
8,21:15,1275,15,12,0
8,13:30,810,0,10,0
8,13:35,815,2,9,0
8,13:40,820,3,9,0
8,13:45,825,4,8,0
8,13:50,830,4,7,0
8,13:55,835,4,6,0
8,14:0,840,4,5,0
8,14:5,845,4,4,0
8,14:10,850,5,3,0
8,14:10,850,5,3,0
8,18:20,1100,0,0,0
8,18:25,1105,2,0,0
8,18:30,1110,3,0,0
8,18:35,1115,4,0,0
8,18:40,1120,5,0,0
8,18:45,1125,6,0,0
8,18:50,1130,7,0,0
8,18:55,1135,8,0,0
8,19:0,1140,9,1,0
8,19:5,1145,10,1,0
8,19:10,1150,11,1,0
8,19:15,1155,12,1,0
8,19:20,1160,13,1,1
8,19:25,1165,14,1,1
8,19:30,1170,15,1,1
8,19:35,1175,16,2,0
8,19:40,1180,17,2,0
8,19:45,1185,18,3,0
8,19:50,1190,19,4,0
8,19:55,1195,20,4,0
8,20:0,1200,21,4,0
8,20:0,1200,21,4,0
8,6:15,375,26,14,0
8,6:20,380,26,12,0
8,6:25,385,26,11,0
8,6:30,390,25,10,0
8,6:35,395,24,10,0
8,6:40,400,23,10,0
8,6:45,405,22,10,7
8,6:50,410,21,10,7
8,6:55,415,20,10,7
8,7:0,420,19,10,0
8,7:5,425,18,10,0
8,7:10,430,17,10,0
8,7:15,435,16,9,0
8,7:20,440,15,9,0
8,7:25,445,14,9,0
8,7:30,450,13,9,0
8,7:35,455,12,9,0
8,7:40,460,11,8,2
8,7:45,465,11,7,0
8,7:50,470,11,6,0
8,7:55,475,10,5,0
8,8:0,480,9,4,0
8,8:5,485,8,3,0
8,8:10,490,7,3,0
8,8:15,495,6,3,0
8,8:20,500,5,3,0
8,8:25,505,4,2,0
8,8:30,510,4,1,0
8,8:35,515,3,0,0
8,8:40,520,2,0,0
8,8:45,525,1,0,0
8,8:50,530,0,0,0
8,8:50,530,0,0,0
8,23:15,1395,3,20,0
8,23:20,1400,4,18,0
8,23:25,1405,4,17,0
8,23:30,1410,4,16,0
8,23:35,1415,4,15,0
8,23:40,1420,4,14,0
8,23:45,1425,4,13,0
8,23:50,1430,4,12,0
8,23:55,1435,4,11,0
8,0:0,0,5,6,0
8,0:5,5,7,6,0
8,0:10,10,8,6,0
8,0:15,15,9,7,0
8,0:20,20,10,8,2
8,0:25,25,11,9,2
8,0:30,30,12,9,0
8,0:35,35,13,9,0
8,0:40,40,14,9,0
8,0:45,45,15,9,0
8,0:50,50,16,9,0
8,0:55,55,17,9,0
8,1:0,60,18,9,0
8,1:5,65,19,9,0
8,1:10,70,20,9,7
8,1:15,75,21,9,7
8,1:20,80,22,9,7
8,1:25,85,23,9,0
8,1:30,90,24,9,0
8,1:35,95,25,8,0
8,1:40,100,25,7,0
8,1:45,105,25,6,0
8,1:50,110,25,5,0
8,1:50,110,25,5,0
8,1:50,110,26,14,0
8,1:55,115,26,12,0
8,2:0,120,26,11,0
8,2:5,125,25,10,0
8,2:10,130,25,9,0
8,2:15,135,25,8,0
8,2:20,140,25,7,0
8,2:25,145,25,6,0
8,2:30,150,25,5,0
8,2:30,150,25,5,0
8,14:10,850,14,3,0
8,14:15,855,12,2,0
8,14:20,860,11,3,0
8,14:25,865,11,4,0
8,14:30,870,11,5,0
8,14:35,875,11,6,0
8,14:40,880,11,7,0
8,14:45,885,11,8,2
8,14:50,890,11,9,2
8,14:55,895,11,10,2
8,15:0,900,10,11,0
8,15:5,905,10,12,0
8,15:10,910,10,13,0
8,15:15,915,10,14,0
8,15:20,920,10,15,0
8,15:25,925,10,16,0
8,15:30,930,10,17,0
8,15:35,935,9,18,3
8,15:40,940,8,19,0
8,15:45,945,8,20,0
8,15:50,950,8,21,0
8,15:55,955,8,22,0
8,16:0,960,7,23,0
8,16:0,960,7,23,0
8,21:15,1275,35,6,0
8,21:20,1280,33,4,0
8,21:25,1285,32,3,0
8,21:30,1290,31,2,0
8,21:35,1295,30,1,0
8,21:40,1300,29,1,0
8,21:45,1305,28,1,0
8,21:50,1310,27,2,8
8,21:55,1315,27,3,0
8,22:0,1320,27,4,0
8,22:5,1325,27,5,0
8,22:10,1330,27,6,0
8,22:15,1335,26,7,0
8,22:20,1340,25,8,0
8,22:25,1345,24,9,0
8,22:30,1350,23,9,0
8,22:35,1355,22,9,7
8,22:40,1360,21,9,7
8,22:45,1365,20,9,7
8,22:50,1370,19,9,0
8,22:55,1375,18,9,0
8,23:0,1380,17,9,0
8,23:5,1385,16,9,0
8,23:10,1390,15,9,0
8,23:15,1395,14,8,0
8,23:15,1395,14,8,0
8,16:0,960,0,6,0
8,16:5,965,2,6,0
8,16:10,970,3,6,0
8,16:15,975,4,6,0
8,16:20,980,5,6,0
8,16:25,985,6,6,0
8,16:30,990,7,6,0
8,16:35,995,8,6,0
8,16:40,1000,9,7,0
8,16:45,1005,10,8,2
8,16:50,1010,11,9,2
8,16:55,1015,12,10,0
8,17:0,1020,13,10,0
8,17:5,1025,14,10,0
8,17:10,1030,15,11,0
8,17:15,1035,15,12,0
8,17:15,1035,15,12,0
8,2:30,150,5,6,0
8,2:35,155,7,6,0
8,2:40,160,8,6,0
8,2:45,165,9,6,0
8,2:50,170,10,6,0
8,2:55,175,11,6,0
8,3:0,180,12,6,0
8,3:0,180,12,6,0
8,3:55,235,30,19,0
8,4:0,240,29,17,0
8,4:5,245,29,16,0
8,4:10,250,28,15,0
8,4:15,255,28,14,0
8,4:20,260,27,13,0
8,4:25,265,27,12,0
8,4:30,270,26,11,0
8,4:35,275,25,10,0
8,4:40,280,24,10,0
8,4:45,285,23,10,0
8,4:50,290,22,10,7
8,4:55,295,21,10,7
8,5:0,300,20,10,7
8,5:5,305,19,10,0
8,5:10,310,18,10,0
8,5:15,315,17,10,0
8,5:20,320,16,10,0
8,5:25,325,15,10,0
8,5:30,330,14,10,0
8,5:35,335,13,10,0
8,5:40,340,12,10,0
8,5:45,345,11,10,2
8,5:50,350,10,10,2
8,5:55,355,9,10,2
8,6:0,360,8,10,0
8,6:5,365,7,10,0
8,6:10,370,6,10,0
8,6:15,375,5,10,0
8,6:15,375,5,10,0
8,3:0,180,14,8,0
8,3:5,185,16,9,0
8,3:10,190,17,9,0
8,3:15,195,18,8,0
8,3:20,200,18,7,0
8,3:25,205,18,6,0
8,3:30,210,18,5,0
8,3:35,215,18,4,0
8,3:40,220,18,3,0
8,3:45,225,18,2,0
8,3:50,230,18,1,0
8,3:55,235,18,0,0
8,3:55,235,18,0,0
8,11:20,680,22,7,0
8,11:25,685,20,8,7
8,11:30,690,19,8,0
8,11:35,695,18,9,0
8,11:40,700,17,9,0
8,11:45,705,16,10,0
8,11:50,710,15,10,0
8,11:55,715,14,10,0
8,12:0,720,13,10,0
8,12:5,725,12,10,0
8,12:10,730,11,10,2
8,12:15,735,10,10,2
8,12:20,740,9,10,2
8,12:25,745,8,10,0
8,12:30,750,7,10,0
8,12:35,755,6,10,0
8,12:40,760,5,10,0
8,12:40,760,5,10,0
8,12:40,760,22,7,0
8,12:45,765,20,7,0
8,12:50,770,19,7,0
8,12:55,775,18,6,0
8,13:0,780,18,5,0
8,13:5,785,18,4,0
8,13:10,790,18,3,0
8,13:15,795,17,2,0
8,13:20,800,16,2,0
8,13:25,805,15,2,1
8,13:30,810,14,3,0
8,13:30,810,14,3,0
7,15:15,915,0,0,0
7,15:20,920,2,0,0
7,15:25,925,3,0,0
7,15:30,930,4,1,0
7,15:35,935,4,2,0
7,15:40,940,4,3,0
7,15:45,945,4,4,0
7,15:50,950,4,5,0
7,15:55,955,5,6,0
7,15:55,955,5,6,0
7,2:30,150,25,5,0
7,2:35,155,25,7,0
7,2:40,160,25,8,0
7,2:45,165,24,9,0
7,2:50,170,23,9,0
7,2:55,175,22,9,7
7,3:0,180,21,9,7
7,3:5,185,20,9,7
7,3:10,190,19,9,0
7,3:15,195,18,9,0
7,3:20,200,17,9,0
7,3:25,205,16,9,0
7,3:30,210,15,10,0
7,3:35,215,14,10,0
7,3:40,220,13,10,0
7,3:45,225,12,10,0
7,3:50,230,11,10,2
7,3:55,235,10,10,2
7,4:0,240,9,10,2
7,4:5,245,8,10,0
7,4:10,250,7,10,0
7,4:15,255,6,10,0
7,4:20,260,5,10,0
7,4:20,260,5,10,0
7,11:0,660,5,3,0
7,11:5,665,7,3,0
7,11:10,670,8,3,0
7,11:15,675,9,4,0
7,11:20,680,9,5,0
7,11:25,685,9,6,0
7,11:30,690,9,7,0
7,11:35,695,9,8,2
7,11:40,700,9,9,2
7,11:45,705,9,10,2
7,11:50,710,9,11,0
7,11:55,715,9,12,0
7,12:0,720,10,13,0
7,12:5,725,10,14,0
7,12:10,730,10,15,0
7,12:15,735,10,16,0
7,12:20,740,10,17,0
7,12:25,745,11,18,3
7,12:30,750,12,19,0
7,12:35,755,13,19,0
7,12:40,760,14,19,0
7,12:45,765,15,19,0
7,12:50,770,16,20,0
7,12:50,770,16,20,0
7,22:55,1375,0,0,0
7,23:0,1380,2,0,0
7,23:5,1385,3,0,0
7,23:10,1390,4,1,0
7,23:15,1395,4,2,0
7,23:20,1400,5,3,0
7,23:25,1405,6,3,0
7,23:30,1410,7,3,0
7,23:35,1415,8,3,0
7,23:40,1420,9,4,0
7,23:45,1425,9,5,0
7,23:50,1430,9,6,0
7,23:55,1435,10,7,0
7,0:0,0,14,3,0
7,0:5,5,16,2,0
7,0:10,10,17,2,0
7,0:15,15,18,3,0
7,0:20,20,18,4,0
7,0:25,25,18,5,0
7,0:30,30,18,6,0
7,0:35,35,19,7,0
7,0:40,40,20,7,0
7,0:45,45,21,7,0
7,0:50,50,22,7,0
7,0:50,50,22,7,0
7,21:35,1295,0,3,0
7,21:40,1300,2,3,0
7,21:45,1305,3,3,0
7,21:50,1310,4,4,0
7,21:55,1315,4,5,0
7,22:0,1320,5,6,0
7,22:5,1325,6,6,0
7,22:10,1330,7,6,0
7,22:15,1335,8,6,0
7,22:20,1340,9,7,0
7,22:25,1345,10,8,2
7,22:30,1350,11,8,2
7,22:35,1355,12,9,0
7,22:40,1360,13,9,0
7,22:45,1365,14,10,0
7,22:50,1370,15,11,0
7,22:55,1375,15,12,0
7,22:55,1375,15,12,0
7,1:10,70,14,8,0
7,1:15,75,12,10,0
7,1:20,80,11,11,0
7,1:25,85,11,12,0
7,1:30,90,11,13,0
7,1:35,95,11,14,0
7,1:40,100,11,15,0
7,1:45,105,11,16,0
7,1:50,110,11,17,0
7,1:55,115,11,18,3
7,2:0,120,12,19,0
7,2:5,125,13,19,0
7,2:10,130,14,19,0
7,2:15,135,15,19,0
7,2:20,140,16,20,0
7,2:25,145,16,21,0
7,2:30,150,16,22,0
7,2:30,150,16,22,0
7,14:40,880,5,6,0
7,14:45,885,4,8,0
7,14:50,890,4,9,0
7,14:55,895,4,10,0
7,15:0,900,4,11,0
7,15:5,905,4,12,0
7,15:10,910,4,13,0
7,15:15,915,5,14,0
7,15:15,915,5,14,0
7,20:5,1205,7,23,0
7,20:10,1210,5,22,0
7,20:15,1215,5,21,0
7,20:20,1220,5,20,0
7,20:25,1225,5,19,0
7,20:30,1230,4,18,0
7,20:35,1235,4,17,0
7,20:40,1240,4,16,0
7,20:45,1245,4,15,0
7,20:50,1250,5,14,0
7,20:50,1250,5,14,0
7,15:55,955,18,0,0
7,16:0,960,16,1,0
7,16:5,965,15,1,1
7,16:10,970,14,2,1
7,16:15,975,13,2,1
7,16:20,980,12,2,0
7,16:25,985,11,3,0
7,16:30,990,10,4,0
7,16:35,995,9,5,0
7,16:40,1000,8,6,0
7,16:45,1005,7,6,0
7,16:50,1010,6,6,0
7,16:55,1015,5,6,0
7,17:0,1020,4,6,0
7,17:5,1025,3,6,0
7,17:10,1030,2,6,0
7,17:15,1035,1,6,0
7,17:20,1040,0,6,0
7,17:20,1040,0,6,0
7,0:50,50,37,5,0
7,0:55,55,37,3,0
7,1:0,60,37,2,0
7,1:5,65,37,1,0
7,1:10,70,37,0,0
7,1:10,70,37,0,0
7,6:40,400,15,18,0
7,6:45,405,13,19,0
7,6:50,410,12,19,0
7,6:55,415,11,18,3
7,7:0,420,11,17,0
7,7:5,425,11,16,0
7,7:10,430,11,15,0
7,7:15,435,11,14,0
7,7:20,440,11,13,0
7,7:25,445,11,12,0
7,7:30,450,11,11,0
7,7:35,455,12,10,0
7,7:40,460,13,9,0
7,7:45,465,14,8,0
7,7:45,465,14,8,0
7,17:20,1040,15,18,0
7,17:25,1045,13,19,0
7,17:30,1050,12,19,0
7,17:35,1055,11,18,3
7,17:40,1060,11,17,0
7,17:45,1065,10,16,0
7,17:50,1070,9,15,0
7,17:55,1075,8,14,0
7,18:0,1080,7,14,0
7,18:5,1085,6,14,0
7,18:10,1090,5,14,0
7,18:10,1090,5,14,0
7,7:45,465,15,18,0
7,7:50,470,17,19,0
7,7:55,475,18,19,0
7,8:0,480,19,19,0
7,8:5,485,20,18,4
7,8:10,490,20,17,0
7,8:15,495,20,16,0
7,8:20,500,20,15,0
7,8:25,505,20,14,0
7,8:30,510,20,13,0
7,8:35,515,20,12,0
7,8:40,520,21,11,0
7,8:45,525,22,10,7
7,8:50,530,23,10,0
7,8:55,535,24,10,0
7,9:0,540,25,10,0
7,9:5,545,26,11,0
7,9:10,550,26,12,0
7,9:15,555,26,13,0
7,9:20,560,26,14,0
7,9:25,565,26,15,0
7,9:30,570,26,16,0
7,9:35,575,26,17,0
7,9:40,580,26,18,0
7,9:40,580,26,18,0
7,12:50,770,16,20,0
7,12:55,775,14,19,0
7,13:0,780,13,19,0
7,13:5,785,12,19,0
7,13:10,790,11,18,3
7,13:15,795,11,17,0
7,13:20,800,11,16,0
7,13:25,805,11,15,0
7,13:30,810,11,14,0
7,13:35,815,11,13,0
7,13:40,820,11,12,0
7,13:45,825,11,11,0
7,13:50,830,11,10,2
7,13:55,835,11,9,2
7,14:0,840,11,8,2
7,14:5,845,11,7,0
7,14:10,850,11,6,0
7,14:15,855,10,5,0
7,14:20,860,9,4,0
7,14:25,865,8,3,0
7,14:30,870,7,3,0
7,14:35,875,6,3,0
7,14:40,880,5,3,0
7,14:40,880,5,3,0
7,4:20,260,30,19,0
7,4:25,265,29,17,0
7,4:30,270,29,16,0
7,4:35,275,28,15,0
7,4:40,280,28,14,0
7,4:45,285,27,13,0
7,4:50,290,27,12,0
7,4:55,295,26,11,0
7,5:0,300,25,10,0
7,5:5,305,24,10,0
7,5:10,310,23,10,0
7,5:15,315,22,10,7
7,5:20,320,21,10,7
7,5:25,325,20,10,7
7,5:30,330,19,10,0
7,5:35,335,18,10,0
7,5:40,340,17,10,0
7,5:45,345,16,10,0
7,5:50,350,15,10,0
7,5:55,355,14,10,0
7,6:0,360,13,10,0
7,6:5,365,12,10,0
7,6:10,370,11,10,2
7,6:15,375,10,10,2
7,6:20,380,9,10,2
7,6:25,385,8,10,0
7,6:30,390,7,10,0
7,6:35,395,6,10,0
7,6:40,400,5,10,0
7,6:40,400,5,10,0
7,18:10,1090,0,10,0
7,18:15,1095,2,10,0
7,18:20,1100,3,10,0
7,18:25,1105,4,10,0
7,18:30,1110,5,10,0
7,18:35,1115,6,10,0
7,18:40,1120,7,10,0
7,18:45,1125,8,10,0
7,18:50,1130,9,9,2
7,18:55,1135,10,9,2
7,19:0,1140,11,9,2
7,19:5,1145,12,9,0
7,19:10,1150,13,9,0
7,19:15,1155,14,9,0
7,19:20,1160,15,9,0
7,19:25,1165,16,9,0
7,19:30,1170,17,9,0
7,19:35,1175,18,8,0
7,19:40,1180,18,7,0
7,19:45,1185,18,6,0
7,19:50,1190,18,5,0
7,19:55,1195,19,4,0
7,20:0,1200,20,4,0
7,20:5,1205,21,4,0
7,20:5,1205,21,4,0
7,9:40,580,21,4,0
7,9:45,585,23,5,0
7,9:50,590,23,6,0
7,9:55,595,22,7,0
7,10:0,600,21,8,7
7,10:5,605,21,9,7
7,10:10,610,21,10,7
7,10:15,615,21,11,0
7,10:20,620,21,12,0
7,10:25,625,21,13,0
7,10:30,630,21,14,0
7,10:35,635,21,15,0
7,10:40,640,21,16,0
7,10:45,645,21,17,0
7,10:50,650,21,18,4
7,10:55,655,22,19,4
7,11:0,660,23,20,0
7,11:0,660,23,20,0
7,20:50,1250,5,10,0
7,20:55,1255,4,8,0
7,21:0,1260,4,7,0
7,21:5,1265,4,6,0
7,21:10,1270,4,5,0
7,21:15,1275,4,4,0
7,21:20,1280,3,3,0
7,21:25,1285,2,3,0
7,21:30,1290,1,3,0
7,21:35,1295,0,3,0
7,21:35,1295,0,3,0
6,23:35,1415,0,10,0
6,23:40,1420,2,9,0
6,23:45,1425,3,9,0
6,23:50,1430,4,8,0
6,23:55,1435,4,7,0
6,20:45,1245,23,20,0
6,20:50,1250,21,18,4
6,20:55,1255,21,17,0
6,21:0,1260,21,16,0
6,21:5,1265,21,15,0
6,21:10,1270,20,14,0
6,21:15,1275,20,13,0
6,21:20,1280,20,12,0
6,21:25,1285,20,11,0
6,21:30,1290,19,10,0
6,21:35,1295,18,10,0
6,21:40,1300,17,10,0
6,21:45,1305,16,10,0
6,21:50,1310,15,10,0
6,21:55,1315,14,10,0
6,22:0,1320,13,10,0
6,22:5,1325,12,9,0
6,22:10,1330,11,8,2
6,22:15,1335,11,7,0
6,22:20,1340,11,6,0
6,22:25,1345,11,5,0
6,22:30,1350,11,4,0
6,22:35,1355,11,3,0
6,22:40,1360,10,2,0
6,22:45,1365,9,1,0
6,22:50,1370,8,0,0
6,22:55,1375,7,0,0
6,23:0,1380,6,0,0
6,23:5,1385,5,0,0
6,23:5,1385,5,0,0
6,8:50,530,5,6,0
6,8:55,535,4,4,0
6,9:0,540,5,3,0
6,9:0,540,5,3,0
6,13:45,825,3,20,0
6,13:50,830,4,18,0
6,13:55,835,4,17,0
6,14:0,840,4,16,0
6,14:5,845,4,15,0
6,14:10,850,4,14,0
6,14:15,855,4,13,0
6,14:20,860,4,12,0
6,14:25,865,4,11,0
6,14:30,870,4,10,0
6,14:35,875,4,9,0
6,14:40,880,4,8,0
6,14:45,885,4,7,0
6,14:50,890,4,6,0
6,14:55,895,4,5,0
6,15:0,900,4,4,0
6,15:5,905,4,3,0
6,15:10,910,4,2,0
6,15:15,915,4,1,0
6,15:20,920,5,0,0
6,15:20,920,5,0,0
6,18:25,1105,5,14,0
6,18:30,1110,7,14,0
6,18:35,1115,8,14,0
6,18:40,1120,9,13,0
6,18:45,1125,10,12,0
6,18:50,1130,11,11,0
6,18:55,1135,12,10,0
6,19:0,1140,13,10,0
6,19:5,1145,14,10,0
6,19:10,1150,15,10,0
6,19:15,1155,16,10,0
6,19:20,1160,17,10,0
6,19:25,1165,18,10,0
6,19:30,1170,19,10,0
6,19:35,1175,20,10,7
6,19:40,1180,21,10,7
6,19:45,1185,22,10,7
6,19:50,1190,23,10,0
6,19:55,1195,24,10,0
6,20:0,1200,25,10,0
6,20:5,1205,26,11,0
6,20:10,1210,26,12,0
6,20:15,1215,26,13,0
6,20:20,1220,26,14,0
6,20:25,1225,27,15,0
6,20:30,1230,28,16,0
6,20:35,1235,29,17,0
6,20:40,1240,30,18,0
6,20:45,1245,30,19,0
6,20:45,1245,30,19,0
6,10:50,650,37,10,0
6,10:55,655,36,8,9
6,11:0,660,36,7,0
6,11:5,665,35,6,0
6,11:10,670,34,5,0
6,11:15,675,33,4,0
6,11:20,680,32,3,0
6,11:25,685,31,2,0
6,11:30,690,30,1,0
6,11:35,695,29,1,0
6,11:40,700,28,1,0
6,11:45,705,27,1,8
6,11:50,710,26,1,8
6,11:55,715,25,1,8
6,12:0,720,24,0,0
6,12:5,725,23,1,0
6,12:10,730,23,2,0
6,12:15,735,23,3,0
6,12:20,740,22,4,0
6,12:25,745,21,4,0
6,12:25,745,21,4,0
6,15:20,920,5,14,0
6,15:25,925,7,14,0
6,15:30,930,8,14,0
6,15:35,935,9,13,0
6,15:40,940,9,12,0
6,15:45,945,9,11,0
6,15:50,950,9,10,2
6,15:55,955,10,9,2
6,16:0,960,11,8,2
6,16:5,965,11,7,0
6,16:10,970,12,6,0
6,16:10,970,12,6,0
6,13:20,800,0,6,0
6,13:25,805,2,6,0
6,13:30,810,3,6,0
6,13:35,815,4,5,0
6,13:40,820,4,4,0
6,13:45,825,5,3,0
6,13:45,825,5,3,0
6,9:0,540,25,5,0
6,9:5,545,25,7,0
6,9:10,550,25,8,0
6,9:15,555,24,9,0
6,9:20,560,23,9,0
6,9:25,565,22,9,7
6,9:30,570,21,9,7
6,9:35,575,20,9,7
6,9:40,580,19,9,0
6,9:45,585,18,9,0
6,9:50,590,17,9,0
6,9:55,595,16,9,0
6,10:0,600,15,9,0
6,10:5,605,14,9,0
6,10:10,610,13,9,0
6,10:15,615,12,9,0
6,10:20,620,11,9,2
6,10:25,625,10,8,2
6,10:30,630,9,7,0
6,10:35,635,8,6,0
6,10:40,640,7,6,0
6,10:45,645,6,6,0
6,10:50,650,5,6,0
6,10:50,650,5,6,0
6,17:45,1065,25,5,0
6,17:50,1070,26,7,0
6,17:55,1075,26,8,0
6,18:0,1080,26,9,0
6,18:5,1085,26,10,0
6,18:10,1090,26,11,0
6,18:15,1095,26,12,0
6,18:20,1100,26,13,0
6,18:25,1105,26,14,0
6,18:25,1105,26,14,0
6,23:5,1385,0,10,0
6,23:10,1390,2,10,0
6,23:15,1395,3,10,0
6,23:20,1400,4,11,0
6,23:25,1405,4,12,0
6,23:30,1410,4,13,0
6,23:35,1415,5,14,0
6,23:35,1415,5,14,0
6,13:15,795,16,20,0
6,13:20,800,16,22,0
6,13:20,800,16,22,0
6,4:25,265,16,22,0
6,4:30,270,16,20,0
6,4:35,275,15,19,0
6,4:40,280,14,19,0
6,4:45,285,13,19,0
6,4:50,290,12,19,0
6,4:55,295,11,18,3
6,5:0,300,11,17,0
6,5:5,305,10,16,0
6,5:10,310,9,15,0
6,5:15,315,8,14,0
6,5:20,320,7,14,0
6,5:25,325,6,14,0
6,5:30,330,5,14,0
6,5:35,335,4,13,0
6,5:40,340,4,12,0
6,5:45,345,4,11,0
6,5:50,350,3,10,0
6,5:55,355,2,10,0
6,6:0,360,1,10,0
6,6:5,365,0,10,0
6,6:5,365,0,10,0
6,3:20,200,15,18,0
6,3:25,205,13,19,0
6,3:30,210,12,19,0
6,3:35,215,11,20,3
6,3:40,220,10,20,3
6,3:45,225,9,21,0
6,3:50,230,8,22,0
6,3:55,235,7,23,0
6,4:0,240,6,23,0
6,4:5,245,5,23,0
6,4:10,250,4,23,0
6,4:15,255,3,23,0
6,4:20,260,2,23,0
6,4:25,265,1,23,0
6,4:25,265,1,23,0
6,12:25,745,5,6,0
6,12:30,750,7,6,0
6,12:35,755,8,6,0
6,12:40,760,9,7,0
6,12:45,765,10,8,2
6,12:50,770,11,9,2
6,12:55,775,12,9,0
6,13:0,780,13,10,0
6,13:5,785,14,10,0
6,13:10,790,15,11,0
6,13:15,795,15,12,0
6,13:15,795,15,12,0
6,6:5,365,0,10,0
6,6:10,370,2,10,0
6,6:15,375,3,10,0
6,6:20,380,4,10,0
6,6:25,385,5,10,0
6,6:30,390,6,10,0
6,6:35,395,7,10,0
6,6:40,400,8,10,0
6,6:45,405,9,10,2
6,6:50,410,10,10,2
6,6:55,415,11,10,2
6,7:0,420,12,10,0
6,7:5,425,13,10,0
6,7:10,430,14,10,0
6,7:15,435,15,10,0
6,7:20,440,16,10,0
6,7:25,445,17,10,0
6,7:30,450,18,10,0
6,7:35,455,19,10,0
6,7:40,460,20,10,7
6,7:45,465,21,10,7
6,7:50,470,22,10,7
6,7:55,475,23,10,0
6,8:0,480,24,10,0
6,8:5,485,25,10,0
6,8:10,490,26,11,0
6,8:15,495,26,12,0
6,8:20,500,26,13,0
6,8:25,505,26,14,0
6,8:30,510,27,15,0
6,8:35,515,28,16,0
6,8:40,520,29,17,0
6,8:45,525,30,18,0
6,8:50,530,30,19,0
6,8:50,530,30,19,0
6,16:10,970,26,18,0
6,16:15,975,28,17,0
6,16:20,980,29,17,0
6,16:25,985,30,18,0
6,16:30,990,31,19,5
6,16:35,995,32,19,5
6,16:40,1000,33,19,5
6,16:45,1005,34,19,0
6,16:50,1010,35,19,0
6,16:55,1015,36,19,0
6,17:0,1020,37,19,0
6,17:5,1025,38,18,0
6,17:10,1030,37,17,0
6,17:15,1035,37,16,0
6,17:20,1040,37,15,0
6,17:25,1045,37,14,0
6,17:30,1050,37,13,0
6,17:35,1055,37,12,0
6,17:40,1060,37,11,0
6,17:45,1065,37,10,0
6,17:45,1065,37,10,0
6,0:0,0,37,10,0
6,0:5,5,36,8,9
6,0:10,10,36,7,0
6,0:15,15,35,6,0
6,0:20,20,34,5,0
6,0:25,25,33,4,0
6,0:30,30,32,3,0
6,0:35,35,31,2,0
6,0:40,40,30,1,0
6,0:45,45,29,1,0
6,0:50,50,28,1,0
6,0:55,55,27,1,8
6,1:0,60,26,1,8
6,1:5,65,25,1,8
6,1:10,70,24,0,0
6,1:15,75,23,1,0
6,1:20,80,23,2,0
6,1:25,85,23,3,0
6,1:30,90,22,4,0
6,1:35,95,21,4,0
6,1:40,100,20,4,0
6,1:45,105,19,4,0
6,1:50,110,18,3,0
6,1:55,115,17,2,0
6,2:0,120,16,2,0
6,2:5,125,15,2,1
6,2:10,130,14,2,1
6,2:15,135,13,2,1
6,2:20,140,12,2,0
6,2:25,145,11,3,0
6,2:30,150,10,4,0
6,2:35,155,9,5,0
6,2:40,160,8,6,0
6,2:45,165,7,6,0
6,2:50,170,6,6,0
6,2:55,175,5,6,0
6,3:0,180,4,6,0
6,3:5,185,3,6,0
6,3:10,190,2,6,0
6,3:15,195,1,6,0
6,3:20,200,0,6,0
6,3:20,200,0,6,0
5,6:20,380,35,6,0
5,6:25,385,33,4,0
5,6:30,390,32,3,0
5,6:35,395,31,2,0
5,6:40,400,30,1,0
5,6:45,405,29,1,0
5,6:50,410,28,1,0
5,6:55,415,27,1,8
5,7:0,420,26,1,8
5,7:5,425,25,1,8
5,7:10,430,24,0,0
5,7:15,435,23,1,0
5,7:20,440,23,2,0
5,7:25,445,23,3,0
5,7:30,450,22,4,0
5,7:35,455,21,4,0
5,7:40,460,20,4,0
5,7:45,465,19,4,0
5,7:50,470,18,3,0
5,7:55,475,17,2,0
5,8:0,480,16,2,0
5,8:5,485,15,2,1
5,8:10,490,14,2,1
5,8:15,495,13,2,1
5,8:20,500,12,2,0
5,8:25,505,11,3,0
5,8:30,510,11,4,0
5,8:35,515,11,5,0
5,8:40,520,12,6,0
5,8:40,520,12,6,0
5,15:15,915,0,6,0
5,15:20,920,2,6,0
5,15:25,925,3,6,0
5,15:30,930,4,6,0
5,15:35,935,5,6,0
5,15:40,940,6,6,0
5,15:45,945,7,6,0
5,15:50,950,8,6,0
5,15:55,955,9,7,0
5,16:0,960,10,8,2
5,16:5,965,11,9,2
5,16:10,970,12,10,0
5,16:15,975,13,10,0
5,16:20,980,14,10,0
5,16:25,985,15,10,0
5,16:30,990,16,10,0
5,16:35,995,17,10,0
5,16:40,1000,18,10,0
5,16:45,1005,19,10,0
5,16:50,1010,20,10,7
5,16:55,1015,21,10,7
5,17:0,1020,22,10,7
5,17:5,1025,23,10,0
5,17:10,1030,24,10,0
5,17:15,1035,25,10,0
5,17:20,1040,26,11,0
5,17:25,1045,26,12,0
5,17:30,1050,26,13,0
5,17:35,1055,26,14,0
5,17:40,1060,26,15,0
5,17:45,1065,26,16,0
5,17:50,1070,26,17,0
5,17:55,1075,26,18,0
5,17:55,1075,26,18,0
5,17:55,1075,5,10,0
5,18:0,1080,4,12,0
5,18:5,1085,4,13,0
5,18:10,1090,4,14,0
5,18:15,1095,4,15,0
5,18:20,1100,4,16,0
5,18:25,1105,4,17,0
5,18:30,1110,4,18,0
5,18:35,1115,5,19,0
5,18:40,1120,5,20,0
5,18:45,1125,5,21,0
5,18:50,1130,5,22,0
5,18:55,1135,6,23,0
5,19:0,1140,7,23,0
5,19:0,1140,7,23,0
5,0:0,0,26,18,0
5,0:5,5,26,16,0
5,0:10,10,26,15,0
5,0:15,15,26,14,0
5,0:20,20,26,13,0
5,0:25,25,26,12,0
5,0:30,30,26,11,0
5,0:35,35,25,10,0
5,0:40,40,24,9,0
5,0:45,45,23,8,0
5,0:50,50,22,7,0
5,0:50,50,22,7,0
5,19:0,1140,3,20,0
5,19:5,1145,4,18,0
5,19:10,1150,4,17,0
5,19:15,1155,4,16,0
5,19:20,1160,4,15,0
5,19:25,1165,5,14,0
5,19:30,1170,6,14,0
5,19:35,1175,7,14,0
5,19:40,1180,8,14,0
5,19:45,1185,9,13,0
5,19:50,1190,10,12,0
5,19:55,1195,11,11,0
5,20:0,1200,12,10,0
5,20:5,1205,13,10,0
5,20:10,1210,14,10,0
5,20:15,1215,15,10,0
5,20:20,1220,16,10,0
5,20:25,1225,17,10,0
5,20:30,1230,18,10,0
5,20:35,1235,19,10,0
5,20:40,1240,20,10,7
5,20:45,1245,21,10,7
5,20:50,1250,22,10,7
5,20:55,1255,23,10,0
5,21:0,1260,24,10,0
5,21:5,1265,25,10,0
5,21:10,1270,26,11,0
5,21:15,1275,26,12,0
5,21:20,1280,26,13,0
5,21:25,1285,26,14,0
5,21:30,1290,27,15,0
5,21:35,1295,28,16,0
5,21:40,1300,29,17,0
5,21:45,1305,30,18,0
5,21:50,1310,30,19,0
5,21:50,1310,30,19,0
5,5:35,335,7,23,0
5,5:40,340,5,22,0
5,5:45,345,5,21,0
5,5:50,350,5,20,0
5,5:55,355,5,19,0
5,6:0,360,4,18,0
5,6:5,365,4,17,0
5,6:10,370,4,16,0
5,6:15,375,4,15,0
5,6:20,380,5,14,0
5,6:20,380,5,14,0
5,13:15,795,26,18,0
5,13:20,800,26,16,0
5,13:25,805,26,15,0
5,13:30,810,26,14,0
5,13:35,815,26,13,0
5,13:40,820,26,12,0
5,13:45,825,26,11,0
5,13:50,830,25,10,0
5,13:55,835,24,10,0
5,14:0,840,23,10,0
5,14:5,845,22,10,7
5,14:10,850,21,11,0
5,14:15,855,21,12,0
5,14:20,860,21,13,0
5,14:25,865,21,14,0
5,14:30,870,21,15,0
5,14:35,875,21,16,0
5,14:40,880,21,17,0
5,14:45,885,20,18,4
5,14:50,890,19,19,0
5,14:55,895,18,19,0
5,15:0,900,17,19,0
5,15:5,905,16,20,0
5,15:10,910,16,21,0
5,15:15,915,16,22,0
5,15:15,915,16,22,0
5,0:50,50,0,10,0
5,0:55,55,2,10,0
5,1:0,60,3,10,0
5,1:5,65,4,11,0
5,1:10,70,4,12,0
5,1:15,75,4,13,0
5,1:20,80,5,14,0
5,1:25,85,6,14,0
5,1:30,90,7,14,0
5,1:35,95,8,14,0
5,1:40,100,9,15,0
5,1:45,105,9,16,0
5,1:50,110,10,17,0
5,1:55,115,11,18,3
5,2:0,120,12,19,0
5,2:5,125,13,19,0
5,2:10,130,14,19,0
5,2:15,135,15,19,0
5,2:20,140,16,20,0
5,2:20,140,16,20,0
5,21:50,1310,0,3,0
5,21:55,1315,2,3,0
5,22:0,1320,3,3,0
5,22:5,1325,4,4,0
5,22:10,1330,4,5,0
5,22:15,1335,4,6,0
5,22:20,1340,4,7,0
5,22:25,1345,4,8,0
5,22:30,1350,4,9,0
5,22:35,1355,4,10,0
5,22:40,1360,4,11,0
5,22:45,1365,4,12,0
5,22:50,1370,4,13,0
5,22:55,1375,5,14,0
5,22:55,1375,5,14,0
5,9:20,560,30,19,0
5,9:25,565,29,17,0
5,9:30,570,29,16,0
5,9:35,575,28,15,0
5,9:40,580,28,14,0
5,9:45,585,27,13,0
5,9:50,590,27,12,0
5,9:55,595,26,11,0
5,10:0,600,25,10,0
5,10:5,605,24,10,0
5,10:10,610,23,10,0
5,10:15,615,22,10,7
5,10:20,620,21,10,7
5,10:25,625,20,10,7
5,10:30,630,19,10,0
5,10:35,635,18,10,0
5,10:40,640,17,10,0
5,10:45,645,16,10,0
5,10:50,650,15,10,0
5,10:55,655,14,10,0
5,11:0,660,13,10,0
5,11:5,665,12,10,0
5,11:10,670,11,10,2
5,11:15,675,10,10,2
5,11:20,680,9,10,2
5,11:25,685,8,10,0
5,11:30,690,7,10,0
5,11:35,695,6,10,0
5,11:40,700,5,10,0
5,11:40,700,5,10,0
5,11:40,700,26,18,0
5,11:45,705,28,17,0
5,11:50,710,29,17,0
5,11:55,715,30,18,0
5,12:0,720,31,19,5
5,12:5,725,32,19,5
5,12:10,730,33,19,5
5,12:15,735,34,19,0
5,12:20,740,35,19,0
5,12:25,745,36,19,0
5,12:30,750,37,19,0
5,12:35,755,38,18,0
5,12:40,760,37,17,0
5,12:45,765,37,16,0
5,12:50,770,37,15,0
5,12:55,775,37,14,0
5,13:0,780,37,13,0
5,13:5,785,37,12,0
5,13:10,790,37,11,0
5,13:15,795,37,10,0
5,13:15,795,37,10,0
5,8:40,520,0,10,0
5,8:45,525,2,9,0
5,8:50,530,3,9,0
5,8:55,535,4,8,0
5,9:0,540,4,7,0
5,9:5,545,4,6,0
5,9:10,550,4,5,0
5,9:15,555,4,4,0
5,9:20,560,5,3,0
5,9:20,560,5,3,0
5,22:55,1375,16,22,0
5,23:0,1380,16,20,0
5,23:5,1385,17,19,0
5,23:10,1390,18,19,0
5,23:15,1395,19,19,0
5,23:20,1400,20,18,4
5,23:25,1405,20,17,0
5,23:30,1410,20,16,0
5,23:35,1415,20,15,0
5,23:40,1420,20,14,0
5,23:45,1425,20,13,0
5,23:50,1430,21,12,0
5,23:55,1435,21,11,0
5,2:20,140,35,6,0
5,2:25,145,33,4,0
5,2:30,150,32,3,0
5,2:35,155,31,2,0
5,2:40,160,30,1,0
5,2:45,165,29,1,0
5,2:50,170,28,1,0
5,2:55,175,27,2,8
5,3:0,180,27,3,0
5,3:5,185,27,4,0
5,3:10,190,27,5,0
5,3:15,195,27,6,0
5,3:20,200,26,7,0
5,3:25,205,25,8,0
5,3:30,210,24,9,0
5,3:35,215,23,9,0
5,3:40,220,22,9,7
5,3:45,225,21,9,7
5,3:50,230,20,9,7
5,3:55,235,19,9,0
5,4:0,240,18,9,0
5,4:5,245,17,9,0
5,4:10,250,16,9,0
5,4:15,255,15,9,0
5,4:20,260,14,9,0
5,4:25,265,13,9,0
5,4:30,270,12,10,0
5,4:35,275,11,11,0
5,4:40,280,10,12,0
5,4:45,285,9,13,0
5,4:50,290,8,14,0
5,4:55,295,7,14,0
5,5:0,300,6,14,0
5,5:5,305,5,14,0
5,5:10,310,4,15,0
5,5:15,315,4,16,0
5,5:20,320,4,17,0
5,5:25,325,4,18,0
5,5:30,330,4,19,0
5,5:35,335,3,20,0
5,5:35,335,3,20,0
4,7:25,445,18,0,0
4,7:30,450,16,1,0
4,7:35,455,15,1,1
4,7:40,460,14,2,1
4,7:45,465,13,2,1
4,7:50,470,12,2,0
4,7:55,475,11,3,0
4,8:0,480,11,4,0
4,8:5,485,11,5,0
4,8:10,490,11,6,0
4,8:15,495,10,7,0
4,8:20,500,9,8,2
4,8:25,505,8,9,0
4,8:30,510,7,9,0
4,8:35,515,6,9,0
4,8:40,520,5,10,0
4,8:45,525,4,11,0
4,8:50,530,4,12,0
4,8:55,535,4,13,0
4,9:0,540,4,14,0
4,9:5,545,4,15,0
4,9:10,550,4,16,0
4,9:15,555,4,17,0
4,9:20,560,4,18,0
4,9:25,565,4,19,0
4,9:30,570,3,20,0
4,9:30,570,3,20,0
4,21:35,1295,15,18,0
4,21:40,1300,17,19,0
4,21:45,1305,18,19,0
4,21:50,1310,19,19,0
4,21:55,1315,20,18,4
4,22:0,1320,20,17,0
4,22:5,1325,20,16,0
4,22:10,1330,20,15,0
4,22:15,1335,20,14,0
4,22:20,1340,20,13,0
4,22:25,1345,20,12,0
4,22:30,1350,21,11,0
4,22:35,1355,22,10,7
4,22:40,1360,23,10,0
4,22:45,1365,24,9,0
4,22:50,1370,25,8,0
4,22:55,1375,25,7,0
4,23:0,1380,25,6,0
4,23:5,1385,25,5,0
4,23:5,1385,25,5,0
4,16:0,960,16,22,0
4,16:5,965,16,20,0
4,16:10,970,15,19,0
4,16:15,975,14,19,0
4,16:20,980,13,19,0
4,16:25,985,12,19,0
4,16:30,990,11,18,3
4,16:35,995,11,17,0
4,16:40,1000,11,16,0
4,16:45,1005,11,15,0
4,16:50,1010,11,14,0
4,16:55,1015,11,13,0
4,17:0,1020,11,12,0
4,17:5,1025,11,11,0
4,17:10,1030,11,10,2
4,17:15,1035,11,9,2
4,17:20,1040,11,8,2
4,17:25,1045,11,7,0
4,17:30,1050,11,6,0
4,17:35,1055,11,5,0
4,17:40,1060,11,4,0
4,17:45,1065,11,3,0
4,17:50,1070,10,2,0
4,17:55,1075,9,1,0
4,18:0,1080,8,0,0
4,18:5,1085,7,0,0
4,18:10,1090,6,0,0
4,18:15,1095,5,0,0
4,18:15,1095,5,0,0
4,11:30,690,12,6,0
4,11:35,695,11,8,2
4,11:40,700,11,9,2
4,11:45,705,11,10,2
4,11:50,710,11,11,0
4,11:55,715,11,12,0
4,12:0,720,11,13,0
4,12:5,725,11,14,0
4,12:10,730,11,15,0
4,12:15,735,11,16,0
4,12:20,740,11,17,0
4,12:25,745,11,18,3
4,12:30,750,12,19,0
4,12:35,755,13,19,0
4,12:40,760,14,19,0
4,12:45,765,15,19,0
4,12:50,770,16,20,0
4,12:55,775,16,21,0
4,13:0,780,16,22,0
4,13:0,780,16,22,0
4,15:35,935,0,6,0
4,15:40,940,2,6,0
4,15:45,945,3,6,0
4,15:50,950,4,5,0
4,15:55,955,4,4,0
4,16:0,960,5,3,0
4,16:0,960,5,3,0
4,14:5,845,16,22,0
4,14:10,850,16,20,0
4,14:15,855,15,19,0
4,14:20,860,14,19,0
4,14:25,865,13,19,0
4,14:30,870,12,19,0
4,14:35,875,11,18,3
4,14:40,880,11,17,0
4,14:45,885,11,16,0
4,14:50,890,11,15,0
4,14:55,895,11,14,0
4,15:0,900,11,13,0
4,15:5,905,11,12,0
4,15:10,910,11,11,0
4,15:15,915,12,10,0
4,15:20,920,13,10,0
4,15:25,925,14,10,0
4,15:30,930,15,11,0
4,15:35,935,15,12,0
4,15:35,935,15,12,0
4,2:25,145,0,6,0
4,2:30,150,2,6,0
4,2:35,155,3,6,0
4,2:40,160,4,7,0
4,2:45,165,4,8,0
4,2:50,170,4,9,0
4,2:55,175,4,10,0
4,3:0,180,4,11,0
4,3:5,185,4,12,0
4,3:10,190,4,13,0
4,3:15,195,4,14,0
4,3:20,200,4,15,0
4,3:25,205,4,16,0
4,3:30,210,4,17,0
4,3:35,215,4,18,0
4,3:40,220,3,19,0
4,3:45,225,3,20,0
4,3:45,225,3,20,0
4,5:50,350,16,22,0
4,5:55,355,16,20,0
4,6:0,360,17,19,0
4,6:5,365,18,19,0
4,6:10,370,19,19,0
4,6:15,375,20,18,4
4,6:20,380,20,17,0
4,6:25,385,20,16,0
4,6:30,390,20,15,0
4,6:35,395,20,14,0
4,6:40,400,20,13,0
4,6:45,405,21,12,0
4,6:50,410,21,11,0
4,6:55,415,22,10,7
4,7:0,420,23,10,0
4,7:5,425,24,9,0
4,7:10,430,25,8,0
4,7:15,435,25,7,0
4,7:20,440,25,6,0
4,7:25,445,25,5,0
4,7:25,445,25,5,0
4,13:0,780,14,8,0
4,13:5,785,12,9,0
4,13:10,790,11,8,2
4,13:15,795,11,7,0
4,13:20,800,11,6,0
4,13:25,805,11,5,0
4,13:30,810,11,4,0
4,13:35,815,11,3,0
4,13:40,820,10,2,0
4,13:45,825,9,1,0
4,13:50,830,8,0,0
4,13:55,835,7,0,0
4,14:0,840,6,0,0
4,14:5,845,5,0,0
4,14:5,845,5,0,0
4,3:45,225,26,14,0
4,3:50,230,26,12,0
4,3:55,235,26,11,0
4,4:0,240,25,10,0
4,4:5,245,24,10,0
4,4:10,250,23,10,0
4,4:15,255,22,10,7
4,4:20,260,21,10,7
4,4:25,265,20,10,7
4,4:30,270,19,10,0
4,4:35,275,18,10,0
4,4:40,280,17,10,0
4,4:45,285,16,9,0
4,4:50,290,15,9,0
4,4:55,295,14,9,0
4,5:0,300,13,9,0
4,5:5,305,12,9,0
4,5:10,310,11,8,2
4,5:15,315,11,7,0
4,5:20,320,11,6,0
4,5:25,325,10,5,0
4,5:30,330,9,4,0
4,5:35,335,8,3,0
4,5:40,340,7,3,0
4,5:45,345,6,3,0
4,5:50,350,5,3,0
4,5:50,350,5,3,0
4,9:30,570,37,0,0
4,9:35,575,35,0,0
4,9:40,580,34,0,0
4,9:45,585,33,0,0
4,9:50,590,32,0,0
4,9:55,595,31,0,0
4,10:0,600,30,0,0
4,10:5,605,29,0,0
4,10:10,610,28,0,0
4,10:15,615,27,0,8
4,10:20,620,26,0,8
4,10:25,625,25,0,8
4,10:30,630,24,0,0
4,10:35,635,23,1,0
4,10:40,640,23,2,0
4,10:45,645,23,3,0
4,10:50,650,22,4,0
4,10:55,655,21,4,0
4,11:0,660,20,4,0
4,11:5,665,19,4,0
4,11:10,670,18,3,0
4,11:15,675,17,2,0
4,11:20,680,16,2,0
4,11:25,685,15,2,1
4,11:30,690,14,3,0
4,11:30,690,14,3,0
4,23:5,1385,26,14,0
4,23:10,1390,26,12,0
4,23:15,1395,26,11,0
4,23:20,1400,25,10,0
4,23:25,1405,24,10,0
4,23:30,1410,23,10,0
4,23:35,1415,22,10,7
4,23:40,1420,21,10,7
4,23:45,1425,20,10,7
4,23:50,1430,19,10,0
4,23:55,1435,18,10,0
4,0:0,0,16,22,0
4,0:5,5,16,20,0
4,0:10,10,15,19,0
4,0:15,15,14,19,0
4,0:20,20,13,19,0
4,0:25,25,12,19,0
4,0:30,30,11,18,3
4,0:35,35,11,17,0
4,0:40,40,11,16,0
4,0:45,45,11,15,0
4,0:50,50,11,14,0
4,0:55,55,11,13,0
4,1:0,60,10,12,0
4,1:5,65,9,11,0
4,1:10,70,8,10,0
4,1:15,75,7,10,0
4,1:20,80,6,10,0
4,1:25,85,5,9,0
4,1:30,90,4,8,0
4,1:35,95,4,7,0
4,1:40,100,4,6,0
4,1:45,105,4,5,0
4,1:50,110,4,4,0
4,1:55,115,4,3,0
4,2:0,120,4,2,0
4,2:5,125,4,1,0
4,2:10,130,3,0,0
4,2:15,135,2,0,0
4,2:20,140,1,0,0
4,2:25,145,0,0,0
4,2:25,145,0,0,0
4,18:15,1095,0,10,0
4,18:20,1100,2,9,0
4,18:25,1105,3,9,0
4,18:30,1110,4,9,0
4,18:35,1115,5,9,0
4,18:40,1120,6,9,0
4,18:45,1125,7,9,0
4,18:50,1130,8,9,0
4,18:55,1135,9,9,2
4,19:0,1140,10,9,2
4,19:5,1145,11,9,2
4,19:10,1150,12,9,0
4,19:15,1155,13,9,0
4,19:20,1160,14,9,0
4,19:25,1165,15,9,0
4,19:30,1170,16,9,0
4,19:35,1175,17,9,0
4,19:40,1180,18,9,0
4,19:45,1185,19,9,0
4,19:50,1190,20,9,7
4,19:55,1195,21,9,7
4,20:0,1200,22,9,7
4,20:5,1205,23,9,0
4,20:10,1210,24,9,0
4,20:15,1215,25,8,0
4,20:20,1220,25,7,0
4,20:25,1225,25,6,0
4,20:30,1230,25,5,0
4,20:35,1235,25,4,0
4,20:40,1240,26,3,0
4,20:45,1245,27,2,8
4,20:50,1250,28,1,0
4,20:55,1255,29,1,0
4,21:0,1260,30,1,0
4,21:5,1265,31,2,0
4,21:10,1270,32,3,0
4,21:15,1275,33,4,0
4,21:20,1280,34,5,0
4,21:25,1285,35,5,0
4,21:30,1290,36,5,0
4,21:35,1295,37,5,0
4,21:35,1295,37,5,0
3,7:55,475,5,6,0
3,8:0,480,7,6,0
3,8:5,485,8,6,0
3,8:10,490,9,7,0
3,8:15,495,10,8,2
3,8:20,500,11,9,2
3,8:25,505,12,9,0
3,8:30,510,13,10,0
3,8:35,515,14,10,0
3,8:40,520,15,10,0
3,8:45,525,16,10,0
3,8:50,530,17,10,0
3,8:55,535,18,10,0
3,9:0,540,19,10,0
3,9:5,545,20,10,7
3,9:10,550,21,10,7
3,9:15,555,22,10,7
3,9:20,560,23,10,0
3,9:25,565,24,10,0
3,9:30,570,25,10,0
3,9:35,575,26,11,0
3,9:40,580,26,12,0
3,9:45,585,26,13,0
3,9:50,590,26,14,0
3,9:55,595,27,15,0
3,10:0,600,28,16,0
3,10:5,605,29,17,0
3,10:10,610,30,18,0
3,10:15,615,30,19,0
3,10:15,615,30,19,0
3,4:50,290,1,23,0
3,4:55,295,2,21,0
3,5:0,300,2,20,0
3,5:5,305,3,19,0
3,5:10,310,4,18,0
3,5:15,315,4,17,0
3,5:20,320,4,16,0
3,5:25,325,4,15,0
3,5:30,330,4,14,0
3,5:35,335,4,13,0
3,5:40,340,4,12,0
3,5:45,345,4,11,0
3,5:50,350,4,10,0
3,5:55,355,4,9,0
3,6:0,360,4,8,0
3,6:5,365,4,7,0
3,6:10,370,4,6,0
3,6:15,375,4,5,0
3,6:20,380,4,4,0
3,6:25,385,5,3,0
3,6:25,385,5,3,0
3,0:0,0,0,6,0
3,0:5,5,2,6,0
3,0:10,10,3,6,0
3,0:15,15,4,6,0
3,0:20,20,5,6,0
3,0:25,25,6,6,0
3,0:30,30,7,6,0
3,0:35,35,8,6,0
3,0:40,40,9,5,0
3,0:45,45,10,4,0
3,0:50,50,11,3,0
3,0:55,55,12,2,0
3,1:0,60,13,2,1
3,1:5,65,14,3,0
3,1:5,65,14,3,0
3,19:0,1140,7,23,0
3,19:5,1145,8,21,0
3,19:10,1150,8,20,0
3,19:15,1155,9,19,3
3,19:20,1160,9,18,3
3,19:25,1165,10,17,0
3,19:30,1170,10,16,0
3,19:35,1175,10,15,0
3,19:40,1180,10,14,0
3,19:45,1185,10,13,0
3,19:50,1190,10,12,0
3,19:55,1195,11,11,0
3,20:0,1200,12,10,0
3,20:5,1205,13,10,0
3,20:10,1210,14,10,0
3,20:15,1215,15,11,0
3,20:20,1220,15,12,0
3,20:20,1220,15,12,0
3,17:40,1060,16,22,0
3,17:45,1065,16,20,0
3,17:50,1070,15,19,0
3,17:55,1075,14,19,0
3,18:0,1080,13,19,0
3,18:5,1085,12,19,0
3,18:10,1090,11,20,3
3,18:15,1095,10,21,0
3,18:20,1100,9,21,0
3,18:25,1105,8,22,0
3,18:30,1110,7,23,0
3,18:35,1115,6,23,0
3,18:40,1120,5,23,0
3,18:45,1125,4,23,0
3,18:50,1130,3,23,0
3,18:55,1135,2,23,0
3,19:0,1140,1,23,0
3,19:0,1140,1,23,0
3,15:25,925,1,23,0
3,15:30,930,2,21,0
3,15:35,935,2,20,0
3,15:40,940,3,19,0
3,15:45,945,4,18,0
3,15:50,950,4,17,0
3,15:55,955,4,16,0
3,16:0,960,4,15,0
3,16:5,965,5,14,0
3,16:10,970,6,14,0
3,16:15,975,7,14,0
3,16:20,980,8,14,0
3,16:25,985,9,13,0
3,16:30,990,10,12,0
3,16:35,995,11,11,0
3,16:40,1000,12,10,0
3,16:45,1005,13,10,0
3,16:50,1010,14,10,0
3,16:55,1015,15,10,0
3,17:0,1020,16,10,0
3,17:5,1025,17,9,0
3,17:10,1030,18,8,0
3,17:15,1035,18,7,0
3,17:20,1040,18,6,0
3,17:25,1045,18,5,0
3,17:30,1050,19,4,0
3,17:35,1055,20,4,0
3,17:40,1060,21,4,0
3,17:40,1060,21,4,0
3,11:35,695,26,18,0
3,11:40,700,26,16,0
3,11:45,705,26,15,0
3,11:50,710,26,14,0
3,11:55,715,26,13,0
3,12:0,720,26,12,0
3,12:5,725,26,11,0
3,12:10,730,25,10,0
3,12:15,735,24,10,0
3,12:20,740,23,10,0
3,12:25,745,22,10,7
3,12:30,750,21,11,0
3,12:35,755,21,12,0
3,12:40,760,21,13,0
3,12:45,765,21,14,0
3,12:50,770,21,15,0
3,12:55,775,21,16,0
3,13:0,780,21,17,0
3,13:5,785,20,18,4
3,13:10,790,19,19,0
3,13:15,795,18,19,0
3,13:20,800,17,19,0
3,13:25,805,16,20,0
3,13:25,805,16,20,0
3,13:25,805,3,20,0
3,13:30,810,4,18,0
3,13:35,815,4,17,0
3,13:40,820,4,16,0
3,13:45,825,4,15,0
3,13:50,830,5,14,0
3,13:55,835,6,14,0
3,14:0,840,7,14,0
3,14:5,845,8,14,0
3,14:10,850,9,13,0
3,14:15,855,10,12,0
3,14:20,860,11,11,0
3,14:25,865,12,10,0
3,14:30,870,13,10,0
3,14:35,875,14,10,0
3,14:40,880,15,10,0
3,14:45,885,16,10,0
3,14:50,890,17,9,0
3,14:55,895,18,8,0
3,15:0,900,18,7,0
3,15:5,905,18,6,0
3,15:10,910,18,5,0
3,15:15,915,19,4,0
3,15:20,920,20,4,0
3,15:25,925,21,4,0
3,15:25,925,21,4,0
3,6:25,385,25,5,0
3,6:30,390,25,7,0
3,6:35,395,25,8,0
3,6:40,400,24,9,0
3,6:45,405,23,9,0
3,6:50,410,22,9,7
3,6:55,415,21,9,7
3,7:0,420,20,9,7
3,7:5,425,19,9,0
3,7:10,430,18,9,0
3,7:15,435,17,9,0
3,7:20,440,16,9,0
3,7:25,445,15,9,0
3,7:30,450,14,9,0
3,7:35,455,13,9,0
3,7:40,460,12,9,0
3,7:45,465,11,8,2
3,7:50,470,11,7,0
3,7:55,475,12,6,0
3,7:55,475,12,6,0
3,20:20,1220,5,10,0
3,20:25,1225,7,10,0
3,20:30,1230,8,10,0
3,20:35,1235,9,10,2
3,20:40,1240,10,10,2
3,20:45,1245,11,10,2
3,20:50,1250,12,10,0
3,20:55,1255,13,10,0
3,21:0,1260,14,10,0
3,21:5,1265,15,10,0
3,21:10,1270,16,10,0
3,21:15,1275,17,10,0
3,21:20,1280,18,10,0
3,21:25,1285,19,10,0
3,21:30,1290,20,10,7
3,21:35,1295,21,10,7
3,21:40,1300,22,10,7
3,21:45,1305,23,10,0
3,21:50,1310,24,10,0
3,21:55,1315,25,10,0
3,22:0,1320,26,11,0
3,22:5,1325,26,12,0
3,22:10,1330,26,13,0
3,22:15,1335,26,14,0
3,22:20,1340,26,15,0
3,22:25,1345,26,16,0
3,22:30,1350,26,17,0
3,22:35,1355,26,18,0
3,22:35,1355,26,18,0
3,1:5,65,0,0,0
3,1:10,70,2,0,0
3,1:15,75,3,0,0
3,1:20,80,4,1,0
3,1:25,85,4,2,0
3,1:30,90,5,3,0
3,1:30,90,5,3,0
3,1:30,90,37,10,0
3,1:35,95,36,8,9
3,1:40,100,36,7,0
3,1:45,105,35,6,0
3,1:50,110,34,5,0
3,1:55,115,33,4,0
3,2:0,120,32,3,0
3,2:5,125,31,2,0
3,2:10,130,30,1,0
3,2:15,135,29,1,0
3,2:20,140,28,1,0
3,2:25,145,27,0,8
3,2:30,150,26,0,8
3,2:35,155,25,0,8
3,2:40,160,24,0,0
3,2:45,165,23,1,0
3,2:50,170,23,2,0
3,2:55,175,23,3,0
3,3:0,180,22,4,0
3,3:5,185,21,4,0
3,3:10,190,20,4,0
3,3:15,195,19,4,0
3,3:20,200,18,3,0
3,3:25,205,17,2,0
3,3:30,210,16,1,0
3,3:35,215,15,0,1
3,3:40,220,14,0,1
3,3:45,225,13,0,1
3,3:50,230,12,0,0
3,3:55,235,11,0,0
3,4:0,240,10,0,0
3,4:5,245,9,0,0
3,4:10,250,8,0,0
3,4:15,255,7,0,0
3,4:20,260,6,0,0
3,4:25,265,5,0,0
3,4:30,270,4,0,0
3,4:35,275,3,0,0
3,4:40,280,2,0,0
3,4:45,285,1,0,0
3,4:50,290,0,0,0
3,4:50,290,0,0,0
3,22:35,1355,35,6,0
3,22:40,1360,33,4,0
3,22:45,1365,32,3,0
3,22:50,1370,31,2,0
3,22:55,1375,30,1,0
3,23:0,1380,29,1,0
3,23:5,1385,28,1,0
3,23:10,1390,27,2,8
3,23:15,1395,27,3,0
3,23:20,1400,27,4,0
3,23:25,1405,27,5,0
3,23:30,1410,27,6,0
3,23:35,1415,26,7,0
3,23:40,1420,25,8,0
3,23:45,1425,24,9,0
3,23:50,1430,23,9,0
3,23:55,1435,22,9,7
3,10:15,615,0,3,0
3,10:20,620,2,3,0
3,10:25,625,3,3,0
3,10:30,630,4,4,0
3,10:35,635,4,5,0
3,10:40,640,5,6,0
3,10:45,645,6,6,0
3,10:50,650,7,6,0
3,10:55,655,8,6,0
3,11:0,660,9,7,0
3,11:5,665,10,8,2
3,11:10,670,11,8,2
3,11:15,675,12,9,0
3,11:20,680,13,9,0
3,11:25,685,14,10,0
3,11:30,690,15,11,0
3,11:35,695,15,12,0
3,11:35,695,15,12,0
2,14:40,880,0,0,0
2,14:45,885,2,0,0
2,14:50,890,3,0,0
2,14:55,895,4,0,0
2,15:0,900,5,0,0
2,15:5,905,6,0,0
2,15:10,910,7,0,0
2,15:15,915,8,0,0
2,15:20,920,9,1,0
2,15:25,925,10,2,0
2,15:30,930,11,2,0
2,15:35,935,12,2,0
2,15:40,940,13,2,1
2,15:45,945,14,2,1
2,15:50,950,15,2,1
2,15:55,955,16,2,0
2,16:0,960,17,2,0
2,16:5,965,18,3,0
2,16:10,970,19,4,0
2,16:15,975,20,4,0
2,16:20,980,21,4,0
2,16:25,985,22,4,0
2,16:30,990,23,3,0
2,16:35,995,23,2,0
2,16:40,1000,23,1,0
2,16:45,1005,24,0,0
2,16:50,1010,25,1,8
2,16:55,1015,26,1,8
2,17:0,1020,27,1,8
2,17:5,1025,28,1,0
2,17:10,1030,29,1,0
2,17:15,1035,30,1,0
2,17:20,1040,31,2,0
2,17:25,1045,32,3,0
2,17:30,1050,33,4,0
2,17:35,1055,34,5,0
2,17:40,1060,35,6,0
2,17:40,1060,35,6,0
2,0:35,35,16,20,0
2,0:40,40,18,19,0
2,0:45,45,19,19,0
2,0:50,50,20,18,4
2,0:55,55,20,17,0
2,1:0,60,20,16,0
2,1:5,65,20,15,0
2,1:10,70,20,14,0
2,1:15,75,20,13,0
2,1:20,80,20,12,0
2,1:25,85,21,11,0
2,1:30,90,22,10,7
2,1:35,95,23,10,0
2,1:40,100,24,9,0
2,1:45,105,25,8,0
2,1:50,110,25,7,0
2,1:55,115,25,6,0
2,2:0,120,25,5,0
2,2:5,125,25,4,0
2,2:10,130,26,3,0
2,2:15,135,27,2,8
2,2:20,140,28,1,0
2,2:25,145,29,1,0
2,2:30,150,30,1,0
2,2:35,155,31,2,0
2,2:40,160,32,3,0
2,2:45,165,33,4,0
2,2:50,170,34,5,0
2,2:55,175,35,6,0
2,2:55,175,35,6,0
2,0:0,0,22,7,0
2,0:5,5,20,8,7
2,0:10,10,19,8,0
2,0:15,15,18,9,0
2,0:20,20,17,9,0
2,0:25,25,16,10,0
2,0:30,30,15,11,0
2,0:35,35,15,12,0
2,0:35,35,15,12,0
2,22:30,1350,0,6,0
2,22:35,1355,2,6,0
2,22:40,1360,3,6,0
2,22:45,1365,4,6,0
2,22:50,1370,5,6,0
2,22:55,1375,6,6,0
2,23:0,1380,7,6,0
2,23:5,1385,8,6,0
2,23:10,1390,9,5,0
2,23:15,1395,10,4,0
2,23:20,1400,11,3,0
2,23:25,1405,12,2,0
2,23:30,1410,13,2,1
2,23:35,1415,14,3,0
2,23:35,1415,14,3,0
2,13:10,790,15,12,0
2,13:15,795,16,10,0
2,13:20,800,17,10,0
2,13:25,805,18,10,0
2,13:30,810,19,10,0
2,13:35,815,20,10,7
2,13:40,820,21,10,7
2,13:45,825,22,10,7
2,13:50,830,23,10,0
2,13:55,835,24,10,0
2,14:0,840,25,10,0
2,14:5,845,26,11,0
2,14:10,850,26,12,0
2,14:15,855,26,13,0
2,14:20,860,26,14,0
2,14:25,865,26,15,0
2,14:30,870,26,16,0
2,14:35,875,26,17,0
2,14:40,880,26,18,0
2,14:40,880,26,18,0
2,7:15,435,16,22,0
2,7:20,440,16,20,0
2,7:25,445,15,19,0
2,7:30,450,14,19,0
2,7:35,455,13,19,0
2,7:40,460,12,19,0
2,7:45,465,11,18,3
2,7:50,470,11,17,0
2,7:55,475,11,16,0
2,8:0,480,11,15,0
2,8:5,485,11,14,0
2,8:10,490,11,13,0
2,8:15,495,11,12,0
2,8:20,500,11,11,0
2,8:25,505,11,10,2
2,8:30,510,11,9,2
2,8:35,515,11,8,2
2,8:40,520,11,7,0
2,8:45,525,11,6,0
2,8:50,530,11,5,0
2,8:55,535,11,4,0
2,9:0,540,11,3,0
2,9:5,545,10,2,0
2,9:10,550,9,1,0
2,9:15,555,8,0,0
2,9:20,560,7,0,0
2,9:25,565,6,0,0
2,9:30,570,5,0,0
2,9:30,570,5,0,0
2,2:55,175,16,22,0
2,3:0,180,16,20,0
2,3:5,185,15,19,0
2,3:10,190,14,19,0
2,3:15,195,13,19,0
2,3:20,200,12,19,0
2,3:25,205,11,18,3
2,3:30,210,11,17,0
2,3:35,215,11,16,0
2,3:40,220,11,15,0
2,3:45,225,11,14,0
2,3:50,230,11,13,0
2,3:55,235,10,12,0
2,4:0,240,9,11,0
2,4:5,245,8,10,0
2,4:10,250,7,10,0
2,4:15,255,6,10,0
2,4:20,260,5,10,0
2,4:20,260,5,10,0
2,17:40,1060,0,6,0
2,17:45,1065,2,6,0
2,17:50,1070,3,6,0
2,17:55,1075,4,6,0
2,18:0,1080,5,6,0
2,18:5,1085,6,6,0
2,18:10,1090,7,6,0
2,18:15,1095,8,6,0
2,18:20,1100,9,5,0
2,18:25,1105,10,4,0
2,18:30,1110,11,3,0
2,18:35,1115,12,2,0
2,18:40,1120,13,2,1
2,18:45,1125,14,2,1
2,18:50,1130,15,2,1
2,18:55,1135,16,2,0
2,19:0,1140,17,2,0
2,19:5,1145,18,3,0
2,19:10,1150,19,4,0
2,19:15,1155,20,4,0
2,19:20,1160,21,4,0
2,19:20,1160,21,4,0
2,23:35,1415,37,0,0
2,23:40,1420,35,1,0
2,23:45,1425,34,1,0
2,23:50,1430,33,1,0
2,23:55,1435,32,1,0
2,6:50,410,5,3,0
2,6:55,415,4,1,0
2,7:0,420,3,0,0
2,7:5,425,2,0,0
2,7:10,430,1,0,0
2,7:15,435,0,0,0
2,7:15,435,0,0,0
2,4:20,260,37,0,0
2,4:25,265,37,2,0
2,4:30,270,37,3,0
2,4:35,275,37,4,0
2,4:40,280,37,5,0
2,4:45,285,37,6,0
2,4:50,290,37,7,0
2,4:55,295,37,8,0
2,5:0,300,37,9,0
2,5:5,305,37,10,0
2,5:10,310,37,11,0
2,5:15,315,37,12,0
2,5:20,320,37,13,0
2,5:25,325,38,14,0
2,5:30,330,38,15,0
2,5:35,335,38,16,0
2,5:40,340,38,17,0
2,5:45,345,38,18,0
2,5:50,350,37,19,0
2,5:55,355,36,19,0
2,6:0,360,35,19,0
2,6:5,365,34,19,0
2,6:10,370,33,19,5
2,6:15,375,32,19,5
2,6:20,380,31,19,5
2,6:25,385,30,19,0
2,6:25,385,30,19,0
2,11:55,715,1,23,0
2,12:0,720,2,21,0
2,12:5,725,2,20,0
2,12:10,730,3,19,0
2,12:15,735,4,18,0
2,12:20,740,4,17,0
2,12:25,745,4,16,0
2,12:30,750,4,15,0
2,12:35,755,4,14,0
2,12:40,760,4,13,0
2,12:45,765,4,12,0
2,12:50,770,4,11,0
2,12:55,775,3,10,0
2,13:0,780,2,10,0
2,13:5,785,1,10,0
2,13:10,790,0,10,0
2,13:10,790,0,10,0
2,9:30,570,5,10,0
2,9:35,575,4,8,0
2,9:40,580,4,7,0
2,9:45,585,4,6,0
2,9:50,590,4,5,0
2,9:55,595,4,4,0
2,10:0,600,4,3,0
2,10:5,605,4,2,0
2,10:10,610,4,1,0
2,10:15,615,3,0,0
2,10:20,620,2,0,0
2,10:25,625,1,0,0
2,10:30,630,0,0,0
2,10:30,630,0,0,0
2,6:25,385,0,3,0
2,6:30,390,2,3,0
2,6:35,395,3,3,0
2,6:40,400,4,4,0
2,6:45,405,4,5,0
2,6:50,410,5,6,0
2,6:50,410,5,6,0
2,10:30,630,5,10,0
2,10:35,635,7,10,0
2,10:40,640,8,10,0
2,10:45,645,9,11,0
2,10:50,650,9,12,0
2,10:55,655,9,13,0
2,11:0,660,9,14,0
2,11:5,665,9,15,0
2,11:10,670,9,16,0
2,11:15,675,10,17,0
2,11:20,680,11,18,3
2,11:25,685,12,19,0
2,11:30,690,13,19,0
2,11:35,695,14,19,0
2,11:40,700,15,19,0
2,11:45,705,16,20,0
2,11:50,710,16,21,0
2,11:55,715,16,22,0
2,11:55,715,16,22,0
2,19:20,1160,0,0,0
2,19:25,1165,2,0,0
2,19:30,1170,3,0,0
2,19:35,1175,4,0,0
2,19:40,1180,5,0,0
2,19:45,1185,6,0,0
2,19:50,1190,7,0,0
2,19:55,1195,8,0,0
2,20:0,1200,9,1,0
2,20:5,1205,10,2,0
2,20:10,1210,11,2,0
2,20:15,1215,12,2,0
2,20:20,1220,13,2,1
2,20:25,1225,14,2,1
2,20:30,1230,15,2,1
2,20:35,1235,16,2,0
2,20:40,1240,17,2,0
2,20:45,1245,18,3,0
2,20:50,1250,19,4,0
2,20:55,1255,20,4,0
2,21:0,1260,21,4,0
2,21:5,1265,22,4,0
2,21:10,1270,23,3,0
2,21:15,1275,23,2,0
2,21:20,1280,23,1,0
2,21:25,1285,24,0,0
2,21:30,1290,25,1,8
2,21:35,1295,26,1,8
2,21:40,1300,27,1,8
2,21:45,1305,28,1,0
2,21:50,1310,29,1,0
2,21:55,1315,30,1,0
2,22:0,1320,31,2,0
2,22:5,1325,32,3,0
2,22:10,1330,33,4,0
2,22:15,1335,34,5,0
2,22:20,1340,35,5,0
2,22:25,1345,36,5,0
2,22:30,1350,37,5,0
2,22:30,1350,37,5,0
1,2:0,120,7,23,0
1,2:5,125,5,22,0
1,2:10,130,5,21,0
1,2:15,135,5,20,0
1,2:20,140,5,19,0
1,2:25,145,4,18,0
1,2:30,150,4,17,0
1,2:35,155,4,16,0
1,2:40,160,4,15,0
1,2:45,165,4,14,0
1,2:50,170,4,13,0
1,2:55,175,4,12,0
1,3:0,180,4,11,0
1,3:5,185,5,10,0
1,3:5,185,5,10,0
1,19:45,1185,1,23,0
1,19:50,1190,2,21,0
1,19:55,1195,2,20,0
1,20:0,1200,3,19,0
1,20:5,1205,4,18,0
1,20:10,1210,4,17,0
1,20:15,1215,4,16,0
1,20:20,1220,4,15,0
1,20:25,1225,4,14,0
1,20:30,1230,4,13,0
1,20:35,1235,4,12,0
1,20:40,1240,4,11,0
1,20:45,1245,5,10,0
1,20:50,1250,6,10,0
1,20:55,1255,7,10,0
1,21:0,1260,8,9,0
1,21:5,1265,9,8,2
1,21:10,1270,9,7,0
1,21:15,1275,9,6,0
1,21:20,1280,9,5,0
1,21:25,1285,10,4,0
1,21:30,1290,11,3,0
1,21:35,1295,12,2,0
1,21:40,1300,13,2,1
1,21:45,1305,14,3,0
1,21:45,1305,14,3,0
1,3:45,225,0,3,0
1,3:50,230,2,3,0
1,3:55,235,3,3,0
1,4:0,240,4,4,0
1,4:5,245,4,5,0
1,4:10,250,5,6,0
1,4:15,255,6,6,0
1,4:20,260,7,6,0
1,4:25,265,8,6,0
1,4:30,270,9,7,0
1,4:35,275,10,8,2
1,4:40,280,11,8,2
1,4:45,285,12,9,0
1,4:50,290,13,9,0
1,4:55,295,14,10,0
1,5:0,300,15,11,0
1,5:5,305,15,12,0
1,5:5,305,15,12,0
1,0:55,55,14,3,0
1,1:0,60,12,2,0
1,1:5,65,11,3,0
1,1:10,70,11,4,0
1,1:15,75,11,5,0
1,1:20,80,12,6,0
1,1:20,80,12,6,0
1,18:10,1090,3,20,0
1,18:15,1095,4,18,0
1,18:20,1100,4,17,0
1,18:25,1105,4,16,0
1,18:30,1110,4,15,0
1,18:35,1115,4,14,0
1,18:40,1120,4,13,0
1,18:45,1125,4,12,0
1,18:50,1130,4,11,0
1,18:55,1135,4,10,0
1,19:0,1140,4,9,0
1,19:5,1145,4,8,0
1,19:10,1150,4,7,0
1,19:15,1155,4,6,0
1,19:20,1160,4,5,0
1,19:25,1165,4,4,0
1,19:30,1170,4,3,0
1,19:35,1175,4,2,0
1,19:40,1180,4,1,0
1,19:45,1185,5,0,0
1,19:45,1185,5,0,0
1,7:20,440,5,0,0
1,7:25,445,7,0,0
1,7:30,450,8,0,0
1,7:35,455,9,1,0
1,7:40,460,9,2,0
1,7:45,465,9,3,0
1,7:50,470,9,4,0
1,7:55,475,9,5,0
1,8:0,480,9,6,0
1,8:5,485,9,7,0
1,8:10,490,9,8,2
1,8:15,495,9,9,2
1,8:20,500,10,10,2
1,8:25,505,10,11,0
1,8:30,510,10,12,0
1,8:35,515,10,13,0
1,8:40,520,10,14,0
1,8:45,525,10,15,0
1,8:50,530,10,16,0
1,8:55,535,10,17,0
1,9:0,540,11,18,3
1,9:5,545,12,19,0
1,9:10,550,13,19,0
1,9:15,555,14,19,0
1,9:20,560,15,19,0
1,9:25,565,16,20,0
1,9:25,565,16,20,0
1,9:25,565,0,6,0
1,9:30,570,2,6,0
1,9:35,575,3,6,0
1,9:40,580,4,6,0
1,9:45,585,5,6,0
1,9:50,590,6,6,0
1,9:55,595,7,6,0
1,10:0,600,8,6,0
1,10:5,605,9,5,0
1,10:10,610,10,4,0
1,10:15,615,11,3,0
1,10:20,620,12,2,0
1,10:25,625,13,1,1
1,10:30,630,14,0,1
1,10:35,635,15,0,1
1,10:40,640,16,0,0
1,10:45,645,17,0,0
1,10:50,650,18,0,0
1,10:50,650,18,0,0
1,12:40,760,25,5,0
1,12:45,765,25,7,0
1,12:50,770,25,8,0
1,12:55,775,24,9,0
1,13:0,780,23,9,0
1,13:5,785,22,9,7
1,13:10,790,21,9,7
1,13:15,795,20,9,7
1,13:20,800,19,9,0
1,13:25,805,18,9,0
1,13:30,810,17,9,0
1,13:35,815,16,9,0
1,13:40,820,15,9,0
1,13:45,825,14,9,0
1,13:50,830,13,9,0
1,13:55,835,12,9,0
1,14:0,840,11,8,2
1,14:5,845,10,7,0
1,14:10,850,9,6,0
1,14:15,855,8,6,0
1,14:20,860,7,6,0
1,14:25,865,6,6,0
1,14:30,870,5,6,0
1,14:35,875,4,5,0
1,14:40,880,4,4,0
1,14:45,885,3,3,0
1,14:50,890,2,3,0
1,14:55,895,1,3,0
1,15:0,900,0,3,0
1,15:0,900,0,3,0
1,3:5,185,5,0,0
1,3:10,190,4,2,0
1,3:15,195,4,3,0
1,3:20,200,4,4,0
1,3:25,205,4,5,0
1,3:30,210,3,6,0
1,3:35,215,2,6,0
1,3:40,220,1,6,0
1,3:45,225,0,6,0
1,3:45,225,0,6,0
1,15:0,900,37,0,0
1,15:5,905,35,0,0
1,15:10,910,34,0,0
1,15:15,915,33,0,0
1,15:20,920,32,0,0
1,15:25,925,31,0,0
1,15:30,930,30,0,0
1,15:35,935,29,0,0
1,15:40,940,28,0,0
1,15:45,945,27,0,8
1,15:50,950,26,0,8
1,15:55,955,25,0,8
1,16:0,960,24,0,0
1,16:5,965,23,1,0
1,16:10,970,23,2,0
1,16:15,975,23,3,0
1,16:20,980,22,4,0
1,16:25,985,21,4,0
1,16:30,990,20,4,0
1,16:35,995,19,4,0
1,16:40,1000,18,3,0
1,16:45,1005,17,2,0
1,16:50,1010,16,1,0
1,16:55,1015,15,0,1
1,17:0,1020,14,0,1
1,17:5,1025,13,0,1
1,17:10,1030,12,0,0
1,17:15,1035,11,0,0
1,17:20,1040,10,0,0
1,17:25,1045,9,0,0
1,17:30,1050,8,0,0
1,17:35,1055,7,0,0
1,17:40,1060,6,0,0
1,17:45,1065,5,0,0
1,17:50,1070,4,0,0
1,17:55,1075,3,0,0
1,18:0,1080,2,0,0
1,18:5,1085,1,0,0
1,18:10,1090,0,0,0
1,18:10,1090,0,0,0
1,0:0,0,12,6,0
1,0:5,5,10,6,0
1,0:10,10,9,6,0
1,0:15,15,8,6,0
1,0:20,20,7,6,0
1,0:25,25,6,6,0
1,0:30,30,5,6,0
1,0:35,35,4,6,0
1,0:40,40,3,6,0
1,0:45,45,2,6,0
1,0:50,50,1,6,0
1,0:55,55,0,6,0
1,0:55,55,0,6,0
1,5:5,305,26,18,0
1,5:10,310,26,16,0
1,5:15,315,26,15,0
1,5:20,320,26,14,0
1,5:25,325,26,13,0
1,5:30,330,26,12,0
1,5:35,335,26,11,0
1,5:40,340,25,10,0
1,5:45,345,24,10,0
1,5:50,350,23,10,0
1,5:55,355,22,10,7
1,6:0,360,21,10,7
1,6:5,365,20,10,7
1,6:10,370,19,10,0
1,6:15,375,18,10,0
1,6:20,380,17,10,0
1,6:25,385,16,10,0
1,6:30,390,15,10,0
1,6:35,395,14,10,0
1,6:40,400,13,10,0
1,6:45,405,12,10,0
1,6:50,410,11,10,2
1,6:55,415,10,10,2
1,7:0,420,9,10,2
1,7:5,425,8,10,0
1,7:10,430,7,10,0
1,7:15,435,6,10,0
1,7:20,440,5,10,0
1,7:20,440,5,10,0
1,1:20,80,0,10,0
1,1:25,85,2,9,0
1,1:30,90,3,9,0
1,1:35,95,4,8,0
1,1:40,100,4,7,0
1,1:45,105,4,6,0
1,1:50,110,4,5,0
1,1:55,115,4,4,0
1,2:0,120,5,3,0
1,2:0,120,5,3,0
1,10:50,650,18,0,0
1,10:55,655,18,2,0
1,11:0,660,18,3,0
1,11:5,665,18,4,0
1,11:10,670,18,5,0
1,11:15,675,18,6,0
1,11:20,680,19,7,0
1,11:25,685,20,8,7
1,11:30,690,20,9,7
1,11:35,695,20,10,7
1,11:40,700,20,11,0
1,11:45,705,20,12,0
1,11:50,710,20,13,0
1,11:55,715,20,14,0
1,12:0,720,20,15,0
1,12:5,725,20,16,0
1,12:10,730,20,17,0
1,12:15,735,20,18,4
1,12:20,740,19,19,0
1,12:25,745,18,19,0
1,12:30,750,17,19,0
1,12:35,755,16,19,0
1,12:40,760,15,18,0
1,12:40,760,15,18,0
1,21:45,1305,26,18,0
1,21:50,1310,26,16,0
1,21:55,1315,26,15,0
1,22:0,1320,26,14,0
1,22:5,1325,26,13,0
1,22:10,1330,26,12,0
1,22:15,1335,26,11,0
1,22:20,1340,25,10,0
1,22:25,1345,24,10,0
1,22:30,1350,23,10,0
1,22:35,1355,22,10,7
1,22:40,1360,21,10,7
1,22:45,1365,20,10,7
1,22:50,1370,19,10,0
1,22:55,1375,18,10,0
1,23:0,1380,17,10,0
1,23:5,1385,16,10,0
1,23:10,1390,15,10,0
1,23:15,1395,14,10,0
1,23:20,1400,13,10,0
1,23:25,1405,12,10,0
1,23:30,1410,11,11,0
1,23:35,1415,10,12,0
1,23:40,1420,9,13,0
1,23:45,1425,8,14,0
1,23:50,1430,7,14,0
1,23:55,1435,6,14,0
